LGA_ID,Census_Year,Youth_Green_Transition_Potential,Educational_Green_Transition_Capacity,Age_Related_Social_Vulnerability,Population_Mobility_Exposure,Indigenous_Community_Representation,Cultural_Linguistic_Diversity,Educational_Participation_Capacity,Non_private_Housing_Vulnerability,Early_Childhood_Education_Gap,Housing_Economic_Vulnerability_Index,Socio_Economic_Transition_Resilience,Household_Resource_Sharing_Efficiency_Factor,Housing_Equity_Stress_Score,Demographic_Baseline_Transition_Intensity,Transient_Population_Pressure_Index,InterRegional_Mobility_Exposure_Index,Thermal_Vulnerability_Female,Thermal_Vulnerability_Male,Young_Adult_Household_Formation_Index,Life_Stage_Dependency_Ratio,Gender_Workforce_Transition_Ratio,Pre_Retirement_Population_Ratio,Advanced_Senior_Thermal_Vulnerability_Ratio,Elderly_Gender_Longevity_Ratio,Deep_Aging_Dependency_Ratio,Young_Single_Living_Ratio,Midlife_Marital_Dissolution_Ratio,Elderly_Widowhood_Vulnerability_Ratio,Gender_Marital_Asymmetry_Index,Youth_De_Facto_Mobility_Ratio,Prime_Registered_Marriage_Ratio,Unmarried_Single_Population_Ratio,Marital_Gender_Structural_Divergence_Index,Indigenous_Youth_Vulnerability_Index,Indigenous_Child_Population_Ratio,Indigenous_Senior_Climate_Risk_Index,Indigenous_Demographic_Equity_Gap,Immigrant_Ancestry_Diversity_Index,Local_Heritage_Population_Ratio,Key_Diaspora_Population_Ratio,Ancestry_Data_Omission_Vulnerability,Maternal_Transnational_Migration_Ratio,Local_Generational_Population_Ratio,Birthplace_Data_Omission_Vulnerability,Transnational_Local_Demographic_Divergence_Index,Early_Childhood_Cross_Ratio,Preschool_Family_Composition_Ratio,Adolescent_Transition_Ratio,Cross_Tabulation_Completeness_Index,High_School_Youth_Ratio,Young_Adult_Transition_Ratio,Youth_Cross_Omission_Vulnerability,Total_Youth_Cross_Sectional_Ratio,Multilingual_Diversity_Reach_Index,Major_Asian_Language_Ratio,Language_Data_Omission_Vulnerability,SEO_Population_Ratio,K12_Student_Population_Ratio,Tertiary_Vocational_Education_Index,Adult_Lifelong_Learning_Ratio,Education_Data_Omission_Blindspot,High_School_Completion_Ratio,Basic_Education_Interruption_Vulnerability,Working_Age_Advanced_Schooling_Ratio,Schooling_Data_Omission_Blindspot,Low_Educational_Attainment_Vulnerability,Marginalized_Non_Schooling_Ratio,Working_Age_Basic_Education_Gap_Ratio,Schooling_Attainment_Data_Omission_Blindspot,Negative_Nil_Income_Vulnerability_Ratio,Low_Income_Energy_Poverty_Index,Middle_High_Income_Ratio,Personal_Income_Data_Omission_Index,Female_High_Income_Ratio,Total_Population_Low_Income_Ratio,Total_High_Income_Ratio,Income_Data_Omission_Blindspot_Index,Severe_Assistance_Need_Ratio,Senior_Care_Dependence_Ratio,Working_Age_Care_Burden_Ratio,Assistance_Need_Data_Omission_Blindspot,Community_Volunteering_Ratio,Mature_Age_Volunteering_Ratio,Youth_Volunteering_Ratio,Voluntary_Work_Data_Omission_Blindspot,High_Intensity_Unpaid_Work_Ratio,Unpaid_Work_Non_Participation_Ratio,Working_Age_Domestic_Burden_Ratio,Unpaid_Work_Data_Omission_Blindspot,Senior_85_No_Unpaid_Work_Ratio,Total_Light_Mod_Unpaid_Work_Ratio,Total_Heavy_Unpaid_Work_Ratio,Senior_and_Total_Unpaid_Work_Omission_Blindspot,Community_Unpaid_Assistance_Ratio,Core_Working_Age_Caregiving_Ratio,Senior_Intergenerational_Support_Ratio,Unpaid_Assistance_Data_Omission_Blindspot,Cultural_Financial_Total_Engagement_Ratio,Own_And_Third_Party_Assets_Ratio,Core_Working_Age_Asset_Participation_Ratio,Cultural_Financial_Data_Omission_Blindspot
10050,2011,0.27121941,0.38632705,0.152122987,0.057686676,0.023175068,0.600020916,0.129094332,0.076009203,0.796880078,0,0,2.181818182,0,0.152171449,0.0574904,0.140596213,0.088579795,0.081761138,0.174427908,0.773701788,0.03294107,0.119017738,0,0.004538989,0,0,0.060451831,0.054998702,0.060296027,0.020481716,0.269895687,0.433397797,0.00706165,0.004831726,0.009307871,0.00066933,-0.909494028,0,0,0,0,0,0,0,0,0.349420244,0.320275776,0.485897838,1.065026637,0,0,0,0,0,0,0,0,0,0,0,0.065051874,0.472248022,0.481055632,0.256733818,0.098517119,0.057777201,0.004829914,0.022357829,0.079875357,0.061490522,0.113061542,0.174188522,0.037808361,0.049311867,0.174552064,0.22350039,0.057517528,0.061828097,0.033731498,0.018670475,0.062840821,0.209893534,0.100259673,0.036458063,0.076837185,0.110232068,0,0.136661978,0.089603844,0,0.560741913,0.246425223,0.09172018,0.115943911,0.073954817,0.019553363,0.079745521,0.316924519,0.010958744,0.010109001,0.082424988
10050,2016,0.259495654,0.412329362,0.179125225,0.063513196,0.027742971,0.632430104,0.12661524,0.099479207,0.796409008,0,0,2.875,0,0.146729708,0.061256063,0.150704549,0.099655415,0.093135719,0.169479998,0.8421436,0.028203772,0.124774845,0,0.004640144,0,0,0.05490981,0.05437928,0.057104273,0.019316201,0.246668166,0.430692234,0.005567115,0.005756128,0.010670374,0.001018091,-0.876536925,0,0,0,0,0,0,0,0,0.364394993,0.326533766,0.453252975,1.009426673,0,0,0,0,0,0,0,0,0,0,0,0.076395959,0.504640923,0.442077706,0.261676682,0.114297614,0.045601428,0.006920999,0.014951288,0.092601524,0.063936522,0.091889154,0.17953356,0.047729301,0.057827723,0.155903347,0.237170831,0.07648066,0.07263432,0.03694415,0.023729141,0.093710813,0.21983216,0.104514324,0.034315617,0.087561493,0.100573582,0,0.130546027,0.111623461,0,0.565230838,0.243659675,0.115137553,0.120502556,0.072152021,0.02474197,0.096459921,0.323989203,0.010459428,0.009531575,0.107209132
10050,2021,0.251885262,0.459206537,0.195389799,0.041449022,0.037901342,0.712941009,0.134383969,0.073199865,0.716087444,0,0,3.285714286,0,0.148717581,0.038347095,0.092529569,0.108034871,0.100547305,0.161223072,0.895522388,0.0281592,0.121833384,0,0.005722639,0,0,0.049775942,0.051247694,0.060671294,0.01774612,0.224384393,0.437582611,0.004552798,0.007701496,0.014315512,0.001836236,-0.872140909,0,0,0,0,0,0,0,0,0.358169387,0.342681736,0.423887261,0.966792242,0,0,0,0,0,0,0,0,0,0,0,0.056602428,0.538940648,0.399216256,0.268393325,0.076869177,0.038023899,0.008896406,0.0126307,0.064932783,0.060973467,0.078369355,0.194913021,0.033627658,0.080638784,0.139442931,0.275524998,0.051862754,0.086020561,0.04338371,0.026052192,0.071368948,0.157828838,0.08103418,0.018979,0.061132589,0.088485828,0,0.118617516,0.071180301,0,0.538625349,0.226881089,0.072444897,0.133951322,0.079408664,0.031543801,0.06451542,0.307925785,0.010207079,0.009374847,0.069026289
10250,2011,0.185186128,0.385207247,0.215078678,0.054030656,0.031191119,0.68579722,0.127998167,0.068824158,0.741347053,0,0,2.181818182,0,0.139298842,0.061769931,0.152083221,0.101823089,0.09599226,0.106336459,0.908940991,0.049083307,0.148782848,0,0.005449175,0,0,0.062112187,0.071078431,0.069775379,0.009492691,0.233568358,0.40288908,0.006156492,0.005780052,0.011050849,0.001451379,-0.90229929,0,0,0,0,0,0,0,0,0.321229627,0.324530638,0.519702909,1.097998762,0,0,0,0,0,0,0,0,0,0,0,0.057725606,0.462610136,0.537841705,0.199525567,0.083703592,0.059226855,0.00207868,0.01818069,0.068968727,0.056093323,0.135858774,0.139550757,0.031614545,0.04095309,0.191952097,0.180503847,0.049500496,0.07058203,0.04089104,0.020817821,0.052649541,0.226234798,0.128629933,0.020538595,0.068286175,0.128907997,0,0.137472055,0.083680138,0,0.520963027,0.296268272,0.088764192,0.131763465,0.086032514,0.02944279,0.073529412,0.297712812,0.011384351,0.010765262,0.073430782
10250,2016,0.180330223,0.41624118,0.250323044,0.053864561,0.032878679,0.704020101,0.119454415,0.091409428,0.735521236,0,0,2.875,0,0.128554715,0.059313031,0.145803824,0.115195023,0.110122039,0.105198426,1.018067557,0.046899026,0.154008136,0,0.002488634,0,0,0.051462995,0.069965577,0.069879518,0.008725603,0.206134164,0.405674922,0.003903559,0.005743001,0.010624551,0.002345059,-0.870136396,0,0,0,0,0,0,0,0,0.32638011,0.354403708,0.497471555,1.089759798,0,0,0,0,0,0,0,0,0,0,0,0.079181622,0.50665493,0.479260563,0.20193662,0.115598592,0.044291452,0.002524383,0.01087206,0.094291452,0.059034451,0.106652133,0.153896905,0.048019277,0.05172117,0.165633964,0.20562249,0.078169822,0.072231784,0.04242685,0.019506598,0.093717728,0.228514056,0.131841652,0.021973609,0.092139989,0.116647532,0,0.116057077,0.113334427,0,0.54315237,0.274758078,0.121370968,0.127596099,0.078571429,0.033017785,0.10157774,0.293160571,0.008299164,0.007675906,0.109004428
10250,2021,0.185048384,0.477693201,0.270520131,0.040046656,0.038966649,0.817457232,0.123012787,0.068645239,0.67845805,0,0,3,0,0.127319075,0.041426643,0.100517552,0.124848799,0.117634353,0.115496073,1.074962713,0.045039843,0.140422499,0,0.007300847,0,0,0.044461074,0.065801357,0.064201481,0.008808689,0.188061233,0.412069899,0.005786938,0.007581649,0.011901676,0.002786418,-0.872062381,0,0,0,0,0,0,0,0,0.320950966,0.333395245,0.494056464,1.031575037,0,0,0,0,0,0,0,0,0,0,0,0.056009158,0.552786452,0.416256306,0.212947394,0.077348066,0.034036075,0.002890099,0.008489665,0.066498078,0.051426949,0.085075089,0.177478454,0.033751355,0.072562124,0.136686192,0.249916136,0.055673109,0.080432483,0.048512373,0.019766212,0.067168993,0.17270921,0.100327717,0.013753774,0.0614146,0.101656262,0,0.107072608,0.071096668,0,0.540266256,0.258160153,0.075366402,0.136428147,0.078935824,0.04206126,0.064124068,0.276518715,0.008067505,0.007411842,0.068188945
10300,2011,0.20630749,0.267217631,0.155935173,0.067893123,0.067455103,0.445466491,0.129215944,0.149364871,0.71686747,0,0,2.181818182,0,0.148580968,0.124354763,0.29540122,0.08935611,0.099430574,0.118493151,0.829738933,0.012072435,0.143232589,0,-0.003942181,0,0,0.046280992,0.055096419,0.029201102,0.020592021,0.287001287,0.356499356,0.003861004,0.011393514,0.022787029,0.003943909,-0.799298861,0,0,0,0,0,0,0,0,0.365497076,0.347953216,0.435672515,1.035087719,0,0,0,0,0,0,0,0,0,0,0,0.106438896,0.370804059,0.662763466,0.233411397,0.163153786,0.126721763,0.012672176,0.058402204,0.115151515,0.080440771,0.125619835,0.139393939,0.062258953,0.035261708,0.206060606,0.174655647,0.078512397,0.058402204,0.028650138,0.021487603,0.109090909,0.284297521,0.157024793,0.023140496,0.127823691,0.148648649,0,0.160875161,0.148648649,0,0.463320463,0.272200772,0.153991201,0.117906336,0.0815427,0.016528926,0.119008264,0.304375804,0.007722008,0.007722008,0.133204633
10300,2016,0.218627022,0.284292035,0.160909488,0.049846961,0.088325317,0.407083516,0.136423262,0.209881941,0.832167832,0,0,3.125,0,0.151724138,0.150552486,0.374539595,0.087888063,0.096633144,0.13726836,0.926380368,-0.003264418,0.167905553,0,-0.012680367,0,0,0.037756802,0.052193226,0.040533037,0.01641497,0.246881156,0.386080105,-0.005909389,0.013554875,0.034980324,0.00437254,-0.716659379,0,0,0,0,0,0,0,0,0.313218391,0.396551724,0.399425287,0.979885057,0,0,0,0,0,0,0,0,0,0,0,0.119370354,0.394200627,0.60031348,0.237460815,0.195924765,0.099944475,0.008328706,0.035535813,0.137701277,0.088839534,0.091060522,0.182121044,0.083287063,0.049416991,0.178234314,0.232648529,0.116601888,0.054969461,0.032204331,0.019433648,0.138256524,0.307606885,0.15435869,0.042754026,0.149916713,0.130006566,0,0.124753775,0.181877873,0,0.469468155,0.249507551,0.182284981,0.111049417,0.074958356,0.019433648,0.159355913,0.315167433,0.007222587,0.009192383,0.176625082
10300,2021,0.223278986,0.326369283,0.205163043,0.055253623,0.063858696,0.501358696,0.131793478,0.211956522,0.725925926,0,0,3.125,0,0.147569444,0.104126679,0.248800384,0.109601449,0.109148551,0.129601227,0.997375328,-0.004640371,0.149003623,0,-0.00634058,0,0,0.036036036,0.061936937,0.033220721,0.013494318,0.227272727,0.382102273,0.002840909,0.005887681,0.020833333,0.007246377,-0.742300725,0,0,0,0,0,0,0,0,0.346570397,0.299638989,0.480144404,0.967509025,0,0,0,0,0,0,0,0,0,0,0,0.140398551,0.452681388,0.515772871,0.231861199,0.227917981,0.07713964,0.007882883,0.022522523,0.163851351,0.074408117,0.069334837,0.19222097,0.078354002,0.064189189,0.145833333,0.261824324,0.133445946,0.06981982,0.043355856,0.022522523,0.183558559,0.213963964,0.123310811,0.018581081,0.155405405,0.118607955,0,0.120738636,0.205255682,0,0.463068182,0.252840909,0.205498282,0.114864865,0.060810811,0.029279279,0.161036036,0.279829545,0.007102273,0.009232955,0.198153409
10470,2011,0.278096524,0.404645677,0.138970378,0.050494561,0.042446585,0.530673174,0.139411719,0.113009164,0.785173979,0,0,2.272727273,0,0.161758014,0.057581889,0.141452945,0.086372959,0.08403645,0.192480426,0.824115044,-0.013304648,0.116101563,0,-0.000155771,0,0,0.056025162,0.045475395,0.046916978,0.023426399,0.275548216,0.407772956,0.005722186,0.010073213,0.015421361,0.001298094,-0.869385742,0,0,0,0,0,0,0,0,0.345220854,0.336169442,0.463251267,1.081100652,0,0,0,0,0,0,0,0,0,0,0,0.084661717,0.498428892,0.501856764,0.226321159,0.118669659,0.047768822,0.003079746,0.019887294,0.095275539,0.06628006,0.110248345,0.159098355,0.057630562,0.051602123,0.176528406,0.210700478,0.064035777,0.05540266,0.026603761,0.01883887,0.087608938,0.202739008,0.09881397,0.037939847,0.096815412,0.126694574,0,0.156611237,0.114558931,0,0.565805138,0.279811053,0.115149698,0.112771116,0.072636131,0.017888736,0.098420811,0.344329659,0.01347978,0.012634894,0.107531011
10470,2016,0.273583535,0.422626043,0.163995157,0.05527845,0.05433414,0.551719128,0.139782082,0.124067797,0.754124116,0,0,3.125,0,0.153773745,0.056328644,0.138092309,0.091380145,0.091670702,0.186409897,0.857805659,-0.018603894,0.120992736,0,0.000920097,0,0,0.051294415,0.047708026,0.047888852,0.017520313,0.249056878,0.42019733,0.005658735,0.010435835,0.019564165,0.002058111,-0.822663438,0,0,0,0,0,0,0,0,0.32036903,0.350036179,0.481910275,1.070188133,0,0,0,0,0,0,0,0,0,0,0,0.09811138,0.527430002,0.457470218,0.243151984,0.144434327,0.039299599,0.002953497,0.013441427,0.114704198,0.074526113,0.083235392,0.158846397,0.071391978,0.059823393,0.157771014,0.218920467,0.085576083,0.06172207,0.028118502,0.02136765,0.121002984,0.207257165,0.100720292,0.035050179,0.115367228,0.116874637,0,0.13972722,0.147489843,0,0.572003772,0.265488973,0.15035137,0.118290588,0.070431874,0.023055363,0.123504415,0.348810215,0.010374347,0.009286129,0.140017411
10470,2021,0.262997223,0.461831845,0.185392614,0.040535268,0.07237129,0.625060252,0.140817591,0.102164482,0.675675676,0,0,3.571428571,0,0.147255665,0.045139221,0.109774184,0.096747538,0.098009962,0.167422967,0.874837993,-0.018113287,0.122500976,0,0.000619735,0,0,0.050686557,0.045459682,0.04359496,0.019041409,0.223377894,0.424225628,0.005803717,0.014230955,0.024559873,0.003397067,-0.808295269,0,0,0,0,0,0,0,0,0.324415909,0.333868379,0.497948992,1.042803638,0,0,0,0,0,0,0,0,0,0,0,0.072072899,0.552643224,0.420737312,0.250399973,0.102222827,0.033988812,0.003418659,0.010001695,0.084675369,0.067926874,0.073578028,0.176965895,0.058658981,0.076679663,0.141125615,0.253545799,0.061818387,0.079307227,0.040006781,0.022687461,0.090184777,0.149093067,0.076199356,0.019268803,0.080861163,0.099184871,0,0.123964786,0.094815781,0,0.543560483,0.246527551,0.094540067,0.12510595,0.075775555,0.028168616,0.083290953,0.312618194,0.010205412,0.009781545,0.093348549
10550,2011,0.171455399,0.348078455,0.213865415,0.076150235,0.02829421,0.711205008,0.121752739,0.08885759,0.772700297,0,0,2.090909091,0,0.133728882,0.084936983,0.20670145,0.105289515,0.108607199,0.094042924,0.989131436,0.047778429,0.172644757,0,-0.003035994,0,0,0.057024699,0.060894639,0.047198088,0.012107372,0.223706321,0.366323409,0.006247576,0.004851482,0.011518357,0.001345895,-0.901186266,0,0,0,0,0,0,0,0,0.322503962,0.326201796,0.53143159,1.123613312,0,0,0,0,0,0,0,0,0,0,0,0.063411581,0.42665163,0.551639883,0.154120853,0.095855653,0.064688697,0.002883484,0.023902569,0.077398793,0.06032553,0.13943165,0.140190462,0.034222408,0.033501537,0.19975718,0.173691998,0.052585651,0.068900102,0.036081496,0.02526843,0.058769966,0.262700611,0.167545624,0.02204348,0.079713169,0.156878797,0,0.149640226,0.093282778,0,0.501400319,0.334697747,0.098613251,0.129111811,0.085745722,0.026786053,0.083772812,0.280796243,0.011633418,0.010771683,0.087552243
10550,2016,0.164285929,0.37676811,0.258773644,0.07984242,0.031335519,0.704748444,0.112260548,0.108471416,0.741825613,0,0,2.75,0,0.12322608,0.078569794,0.192747655,0.119808739,0.122304754,0.100928793,1.157550303,0.043615344,0.185336661,0,-0.001804348,0,0,0.049832107,0.060084304,0.047581625,0.012892896,0.180711216,0.37675908,0.005435241,0.005533335,0.011698193,0.001924638,-0.861907196,0,0,0,0,0,0,0,0,0.300142653,0.353780314,0.511840228,1.0978602,0,0,0,0,0,0,0,0,0,0,0,0.089676119,0.463892343,0.496402558,0.154512347,0.130218511,0.051939701,0.002000429,0.017325141,0.104701007,0.058886586,0.120095762,0.157007075,0.049060244,0.04583125,0.178716868,0.202329071,0.078659713,0.071479603,0.03811531,0.025541187,0.097092234,0.258555405,0.165785525,0.019468458,0.097449453,0.142495997,0,0.122356114,0.129097497,0,0.523889778,0.322111738,0.132535479,0.125598343,0.078623991,0.031685361,0.108666143,0.274037246,0.008468863,0.00762619,0.117721412
10550,2021,0.169077959,0.43055146,0.289688943,0.057064159,0.038562128,0.756941739,0.111457348,0.10046742,0.721964167,0,0,2.75,0,0.116281379,0.069875181,0.169037151,0.131155751,0.135857771,0.103509993,1.261088334,0.036401499,0.176256191,0,-0.003283067,0,0,0.039555614,0.061676607,0.046830963,0.0106918,0.16071229,0.383042134,0.005625303,0.006816538,0.013438317,0.003088309,-0.857798676,0,0,0,0,0,0,0,0,0.300428036,0.340288925,0.507490637,1.075976458,0,0,0,0,0,0,0,0,0,0,0,0.068860943,0.507020402,0.440152044,0.167713909,0.093282135,0.041653012,0.002425116,0.011273514,0.078783509,0.063948343,0.103903766,0.171687043,0.040873185,0.063479059,0.167824605,0.235432916,0.060955627,0.074490398,0.042373992,0.022743659,0.081601888,0.219014223,0.140263486,0.013567543,0.074949204,0.125880118,0,0.110308088,0.087099057,0,0.525760906,0.308795589,0.091042532,0.134856132,0.079242315,0.039358983,0.07773481,0.255485601,0.009499683,0.008456581,0.086130462
10600,2011,0.165601534,0.370929309,0.198913564,0.066544176,0.030276402,0.765857166,0.144272248,0.052963732,0.714905933,0,0,2.181818182,0,0.148591663,0.063869863,0.156078767,0.102013101,0.100974597,0.085883905,0.981054554,0.076923077,0.157877916,0,0.003036114,0,0,0.075349945,0.056189814,0.055296337,0.008004386,0.208223684,0.406469298,0.008662281,0.005353148,0.011185682,0.001518057,-0.911153723,0,0,0,0,0,0,0,0,0.322902796,0.324900133,0.539946738,1.12183755,0,0,0,0,0,0,0,0,0,0,0,0.05033557,0.446600771,0.554604629,0.167550627,0.072444552,0.062344882,0.002878983,0.020947086,0.05966445,0.069393428,0.151494093,0.122803534,0.026307952,0.033852874,0.220887521,0.156656408,0.042142361,0.065819518,0.033654323,0.02551375,0.045567358,0.286707039,0.175518713,0.02382607,0.06155068,0.169298246,0,0.170614035,0.07247807,0,0.499451754,0.358881579,0.074803984,0.137198451,0.08895066,0.027598531,0.067606473,0.317105263,0.017214912,0.016337719,0.064035088
10600,2016,0.163245974,0.402808291,0.237606568,0.056678244,0.035364698,0.754973161,0.12582886,0.092595516,0.710743802,0,0,2.875,0,0.135085373,0.063760355,0.156430424,0.113514367,0.113040733,0.089154042,1.085303437,0.059323931,0.17698137,0,-0.001026208,0,0,0.056187291,0.061156235,0.05733397,0.007849978,0.182730048,0.415176625,0.005342346,0.006157247,0.012630249,0.002289233,-0.859409536,0,0,0,0,0,0,0,0,0.307526882,0.372759857,0.491756272,1.083870968,0,0,0,0,0,0,0,0,0,0,0,0.080281023,0.48835031,0.495492331,0.172110994,0.11157944,0.046153846,0.002388915,0.013951266,0.091447683,0.071298863,0.118321705,0.139252604,0.045684794,0.044147157,0.189775442,0.183468705,0.070281892,0.071667463,0.041184902,0.023506928,0.09125657,0.272814142,0.172097468,0.020544673,0.089154324,0.145115569,0,0.141844745,0.111317052,0,0.518098561,0.32773659,0.114150943,0.136454849,0.086574295,0.033922599,0.101194458,0.303750545,0.012865242,0.012647187,0.105429568
10600,2021,0.162378329,0.458103089,0.268542971,0.049196408,0.042405493,0.831660756,0.125933751,0.105561005,0.682656827,0,0,2.875,0,0.127874203,0.069416898,0.169813566,0.122010111,0.12804648,0.086376966,1.209591042,0.054464286,0.170602882,0,-0.004300913,0,0,0.046570626,0.056265289,0.051735073,0.00842841,0.159111933,0.417514647,0.006989413,0.007168188,0.01471365,0.003093639,-0.845091677,0,0,0,0,0,0,0,0,0.282033426,0.329387187,0.532729805,1.058495822,0,0,0,0,0,0,0,0,0,0,0,0.078321889,0.542133621,0.430387931,0.176293103,0.099461207,0.035245085,0.003080547,0.009513455,0.083627797,0.077090316,0.103541987,0.154361808,0.043753963,0.060070671,0.18012141,0.21464166,0.067817342,0.075201595,0.043399474,0.019570535,0.092869439,0.222343028,0.144242095,0.01214098,0.080456646,0.132901634,0,0.131668208,0.095076575,0,0.508685374,0.329324699,0.096700909,0.142520612,0.084262028,0.040137719,0.082721754,0.279268167,0.013773255,0.012848186,0.08973173
10650,2011,0.181006695,0.274771399,0.251797669,0.082196876,0.020580213,0.457599802,0.116910488,0.066451773,0.780542986,0,0,2,0,0.13734477,0.055112792,0.132513846,0.121869576,0.11815026,0.100431034,1.128616106,0.049064596,0.158423206,0,0.004462626,0,0,0.054131054,0.073924127,0.043634728,0.007948851,0.226715051,0.368066356,0.002937619,0.00396727,0.009174312,0.000991818,-0.916811307,0,0,0,0,0,0,0,0,0.33676622,0.323377961,0.522142122,1.149330587,0,0,0,0,0,0,0,0,0,0,0,0.079335565,0.360603654,0.605837967,0.184074662,0.12847498,0.098065677,0.003748688,0.033288349,0.097016044,0.068226121,0.134053081,0.136752137,0.043034938,0.032988454,0.202279202,0.169740591,0.065602039,0.075723497,0.046633678,0.022042285,0.058779427,0.295246664,0.166441745,0.027590343,0.091767881,0.151200968,0,0.138932089,0.119059962,0,0.47658545,0.310005184,0.131247931,0.123106913,0.076473234,0.030439346,0.099565152,0.280628996,0.007948851,0.006393641,0.107482288
10650,2016,0.177144883,0.294771335,0.286220752,0.076695817,0.023398724,0.469392579,0.114866462,0.12869298,0.743099788,0,0,3.142857143,0,0.135332933,0.066137905,0.163361904,0.130701962,0.140628693,0.118032787,1.309257781,0.012561061,0.154100685,0,-0.006617821,0,0,0.043887147,0.077087489,0.039754916,0.012631943,0.20678318,0.384149507,0.002595605,0.004963366,0.008272276,0.002245332,-0.854998818,0,0,0,0,0,0,0,0,0.335329341,0.355289421,0.452095808,1.075848303,0,0,0,0,0,0,0,0,0,0,0,0.109312219,0.382616822,0.555327103,0.188037383,0.168411215,0.074522656,0.003562268,0.017953833,0.128384155,0.060869565,0.128153956,0.148823949,0.065716322,0.037190083,0.188657737,0.186662867,0.09646623,0.079367341,0.04830436,0.022798518,0.121829581,0.282844115,0.149045312,0.027500712,0.125249359,0.132894965,0,0.112649247,0.169752552,0,0.487627617,0.283959162,0.173506238,0.118837276,0.066970647,0.033057851,0.137218581,0.272192421,0.008652016,0.006229451,0.15763973
10650,2021,0.168724755,0.316960022,0.326370456,0.062435084,0.030351991,0.51609925,0.111713791,0.1135603,0.695767196,0,0,3.142857143,0,0.124209533,0.043563869,0.105463943,0.140796307,0.147028275,0.106699201,1.389959839,0.024407753,0.147143681,0,-0.006116561,0,0,0.040938865,0.077920306,0.037936681,0.010440457,0.180097879,0.37324633,0.000489396,0.0050779,0.01119446,0.002769763,-0.849740335,0,0,0,0,0,0,0,0,0.299262381,0.330874605,0.524762908,1.076923077,0,0,0,0,0,0,0,0,0,0,0,0.095556838,0.404028021,0.513309982,0.183012259,0.155516637,0.061954148,0.002046943,0.011053493,0.121179039,0.064573379,0.116723549,0.159044369,0.064709898,0.049399563,0.181632096,0.209470524,0.10084607,0.087882096,0.056222707,0.022516376,0.113127729,0.224481441,0.124454148,0.019104803,0.104530568,0.127406199,0,0.100163132,0.130668842,0,0.500163132,0.275367047,0.135055693,0.128820961,0.067822052,0.045715066,0.10794214,0.259380098,0.008646003,0.008319739,0.125122349
10750,2011,0.29537129,0.488113953,0.089983693,0.024815758,0.027230247,1.668321715,0.152803563,0.037492652,0.793791313,0,0,2.818181818,0,0.187742417,0.021336303,0.05108793,0.076944792,0.076855121,0.165323815,0.707601891,0.013291148,0.098559273,0,0.000890076,0,0,0.052399408,0.03388347,0.047147709,0.007824908,0.358645478,0.419108564,0.003074237,0.005549688,0.01074401,0.000863506,-0.904482926,0,0,0,0,0,0,0,0,0.373187716,0.323299973,0.368088588,0.529053617,0,0,0,0,0,0,0,0,0,0,0,0.065995125,0.59674888,0.431021557,0.338482199,0.092242723,0.056923881,0.011086919,0.029811879,0.074477443,0.106035534,0.090781223,0.183291238,0.037863613,0.056431806,0.196816757,0.239723045,0.052588835,0.060211636,0.027347152,0.022618011,0.065933635,0.115846542,0.043659641,0.021128723,0.080195088,0.106298006,0,0.146922513,0.087012046,0,0.474937076,0.218916308,0.088143597,0.107411601,0.067253092,0.011544156,0.082272252,0.330299343,0.008502912,0.007834196,0.077496773
10750,2016,0.291926093,0.553118577,0.103165936,0.025715066,0.02827025,1.82310765,0.151497795,0.048325924,0.795046049,0,0,3.555555556,0,0.179905447,0.022485189,0.054152389,0.081584867,0.079457031,0.163749795,0.713869996,0.006639255,0.100011277,0,0.002249512,0,0,0.04574616,0.033018832,0.043222208,0.006910643,0.350640397,0.419373058,0.002217718,0.00578997,0.010360219,0.001187077,-0.89811314,0,0,0,0,0,0,0,0,0.364947847,0.347598208,0.347701994,0.454359897,0,0,0,0,0,0,0,0,0,0,0,0.060992041,0.665024239,0.352335672,0.36738373,0.084268194,0.046118799,0.011517214,0.020694874,0.069329942,0.12634074,0.078742547,0.188952148,0.038574129,0.067470592,0.205108603,0.256428972,0.055073644,0.066368044,0.030483354,0.023787389,0.07654837,0.140377095,0.051512451,0.027271749,0.068119828,0.100088044,0,0.137805871,0.07922737,0,0.486531721,0.210313637,0.080080707,0.111914439,0.067751031,0.014521371,0.076014383,0.335988504,0.007624965,0.006624084,0.075203083
10750,2021,0.27739329,0.615877281,0.110283888,0.015782205,0.029769946,1.956844668,0.160619594,0.054569833,0.73046444,0,0,3.444444444,0,0.179878587,0.01489304,0.035854941,0.082754501,0.07993175,0.160733643,0.716218388,-0.00036882,0.095449322,0,0.003871202,0,0,0.041379153,0.032603733,0.040739992,0.008099575,0.356440807,0.40901454,0.002058146,0.00570599,0.010706293,0.001418937,-0.891891143,0,0,0,0,0,0,0,0,0.346696765,0.350582924,0.351883072,0.3691279,0,0,0,0,0,0,0,0,0,0,0,0.058178922,0.728274731,0.282669549,0.395860224,0.080369501,0.035117984,0.012819091,0.013970233,0.067405398,0.123396804,0.067789978,0.180986327,0.037452756,0.080361452,0.191187405,0.261364674,0.052067164,0.068585889,0.033748353,0.021382544,0.079820122,0.087718326,0.034067934,0.01643883,0.065266165,0.10351985,0,0.150234167,0.07338271,0,0.42168544,0.223767387,0.074179822,0.098626456,0.061519247,0.014211549,0.069613112,0.314259312,0.003696262,0.003055717,0.071146051
10800,2011,0.199488491,0.273203756,0.191645354,0.069053708,0.04057971,0.311338448,0.151236147,0.06973572,0.736956522,0,0,2.181818182,0,0.168528263,0.078937729,0.192399267,0.106905371,0.106052856,0.118192352,0.988576868,-0.032920051,0.129967593,0,0.002728978,0,0,0.049344978,0.07139738,0.044541485,0.018248175,0.296107056,0.346958637,0.00486618,0.007334129,0.016885553,0.001193928,-0.894422651,0,0,0,0,0,0,0,0,0.367804878,0.335609756,0.416585366,1.100487805,0,0,0,0,0,0,0,0,0,0,0,0.049292171,0.332883369,0.700863931,0.187095032,0.077213823,0.082532751,0.002838428,0.036244541,0.062445415,0.083187773,0.127947598,0.132969432,0.03558952,0.034497817,0.211135371,0.167467249,0.047052402,0.063318777,0.03558952,0.020960699,0.038864629,0.312445415,0.166157205,0.028384279,0.075327511,0.174209246,0,0.169343066,0.085644769,0,0.463017032,0.318248175,0.089863914,0.12139738,0.076419214,0.024672489,0.075764192,0.322384428,0.00973236,0.009002433,0.075182482
10800,2016,0.199496222,0.280245347,0.214777498,0.063308144,0.043996641,0.315701092,0.142737196,0.147271201,0.769230769,0,0,3.428571429,0,0.160079642,0.081420373,0.199067432,0.103946264,0.102434929,0.130800464,1.073924051,-0.011805859,0.144584383,0,-0.004534005,0,0,0.038095238,0.073650794,0.038306878,0.015077945,0.253769486,0.375670841,0.003322259,0.005877414,0.017632242,0.002350966,-0.802854744,0,0,0,0,0,0,0,0,0.309438471,0.38948626,0.41218638,1.045400239,0,0,0,0,0,0,0,0,0,0,0,0.124601175,0.366197183,0.645633803,0.190422535,0.193239437,0.063703704,0.001481481,0.024550265,0.144550265,0.070839501,0.102347219,0.151617678,0.074645802,0.043386243,0.172063492,0.194497354,0.116825397,0.058835979,0.03047619,0.022857143,0.156825397,0.308571429,0.147089947,0.034497354,0.143492063,0.145157168,0,0.136468183,0.19269103,0,0.492972144,0.287758753,0.203200776,0.122962963,0.070899471,0.030899471,0.156825397,0.321236903,0.010222336,0.009455661,0.175313059
10800,2021,0.202632053,0.329746694,0.228592032,0.049035515,0.065801334,0.349197765,0.135568776,0.150531819,0.733524355,0,0,3.285714286,0,0.147051703,0.095905989,0.231425322,0.108887687,0.116819903,0.127386541,1.077047414,0.026153115,0.142779881,0,-0.002704164,0,0,0.041722746,0.069313594,0.034544639,0.018229167,0.229166667,0.376822917,0.00625,0.009374437,0.02505859,0.004506941,-0.780241572,0,0,0,0,0,0,0,0,0.341590613,0.318122555,0.444589309,1.059973924,0,0,0,0,0,0,0,0,0,0,0,0.093203533,0.404768506,0.577488217,0.203770446,0.129193235,0.050471063,0.002243158,0.014580529,0.103858232,0.064646465,0.091358025,0.168799102,0.061952862,0.061238223,0.153432032,0.230820996,0.085800808,0.065500224,0.037909376,0.018393899,0.115074024,0.24136384,0.122476447,0.022207268,0.098698968,0.131770833,0,0.13671875,0.117708333,0,0.4984375,0.27578125,0.120268924,0.122925079,0.069986541,0.035666218,0.10722297,0.309635417,0.008854167,0.00859375,0.11953125
10850,2011,0.201861131,0.320479705,0.169649248,0.055547602,0.029491768,0.428919112,0.151896922,0.063421618,0.777996071,0,0,2.272727273,0,0.176405476,0.040618369,0.097681115,0.096921976,0.104509664,0.125177137,0.968873128,0.019037729,0.130136006,0,0.000572656,0,0,0.054817276,0.054817276,0.032484312,0.015486269,0.297336362,0.377039025,0.00805286,0.006300115,0.012600229,0.001002291,-0.89604811,0,0,0,0,0,0,0,0,0.328384279,0.329257642,0.492576419,1.118777293,0,0,0,0,0,0,0,0,0,0,0,0.069148175,0.391184573,0.628787879,0.192607897,0.098025712,0.069952012,0.002768549,0.027500923,0.07881137,0.068660022,0.118863049,0.148947951,0.041712809,0.043189369,0.187523071,0.19213732,0.054263566,0.063676633,0.034145441,0.020487265,0.068844592,0.22960502,0.123477298,0.026393503,0.085455888,0.143506091,0,0.162296097,0.09849267,0,0.509601487,0.29320669,0.099574985,0.11535622,0.074566261,0.021410114,0.089885567,0.331612637,0.010324179,0.010324179,0.091265744
10850,2016,0.205043406,0.355601949,0.186027284,0.056221579,0.036654265,0.428551743,0.150475403,0.066280832,0.718403548,0,0,3.125,0,0.166059065,0.033129013,0.080122592,0.09797437,0.105002067,0.124085923,0.983378431,0.037645448,0.13972716,0,-0.001929172,0,0,0.054251435,0.050773778,0.028864545,0.01709062,0.264705882,0.377583466,0.00218601,0.007716687,0.013917597,0.001653576,-0.853934133,0,0,0,0,0,0,0,0,0.315257353,0.348345588,0.497242647,1.128676471,0,0,0,0,0,0,0,0,0,0,0,0.078958247,0.441703057,0.55720524,0.205458515,0.122270742,0.055642497,0.001391062,0.017736046,0.097026604,0.073043478,0.099652174,0.161913043,0.051826087,0.050599896,0.174230569,0.213180316,0.074074074,0.063814989,0.033733264,0.020865936,0.097200487,0.242044862,0.13215093,0.022778647,0.095287776,0.131558029,0,0.152623211,0.123012719,0,0.520468998,0.291732909,0.124879738,0.126065032,0.082768214,0.027473483,0.103112502,0.345190779,0.01073132,0.011327504,0.111883943
10850,2021,0.2094171,0.398594378,0.202614379,0.045751634,0.057756436,0.465252768,0.151794051,0.072428972,0.676339286,0,0,3.125,0,0.160841424,0.037187194,0.089822452,0.101240496,0.112178205,0.115653942,1.057187622,0.045801527,0.148059224,0,-0.006402561,0,0,0.04634432,0.051530868,0.030115443,0.015043249,0.243700639,0.376457315,0.007333584,0.010670935,0.022275577,0.001867414,-0.820995065,0,0,0,0,0,0,0,0,0.329335793,0.329335793,0.494464945,1.117158672,0,0,0,0,0,0,0,0,0,0,0,0.066426571,0.475614672,0.509068924,0.203143894,0.090286175,0.043332776,0.003513468,0.011878869,0.075121298,0.078608463,0.075765178,0.165914032,0.043318281,0.070603982,0.155596453,0.23925046,0.060398193,0.070436674,0.034632759,0.021750042,0.082315543,0.182031119,0.104065585,0.015726953,0.070603982,0.123166604,0,0.144227153,0.083866115,0,0.52425724,0.278300113,0.08316615,0.137861804,0.088171323,0.031119291,0.076125146,0.312335464,0.011282437,0.010342234,0.079729222
10900,2011,0.207144926,0.505250074,0.156790709,0.047193911,0.01735535,1.060348687,0.137552343,0.065760712,0.735262822,0,0,2.272727273,0,0.154775371,0.03605633,0.088503158,0.093610914,0.084827895,0.120608424,0.814297028,0.036709555,0.150893457,0,0.005530609,0,0,0.057030241,0.047004563,0.061380698,0.007342466,0.283908676,0.392,0.007744292,0.003647569,0.005780804,0.000763751,-0.915829394,0,0,0,0,0,0,0,0,0.337847664,0.336666061,0.477276859,1.063715688,0,0,0,0,0,0,0,0,0,0,0,0.06057334,0.586282678,0.386905672,0.234329613,0.081065586,0.026135453,0.002714947,0.010254649,0.069378343,0.072240485,0.104329195,0.156632812,0.034084033,0.056310616,0.176569681,0.212943428,0.051731188,0.055460151,0.028130775,0.018235939,0.064897045,0.233681697,0.129238016,0.027460216,0.069460118,0.131305936,0,0.159159817,0.079086758,0,0.57369863,0.300803653,0.082905603,0.128976334,0.089217081,0.021801351,0.071504506,0.344365297,0.016657534,0.015853881,0.073589041
10900,2016,0.200054614,0.547608817,0.195269427,0.048892125,0.023704879,1.097836263,0.135662644,0.065991366,0.724480151,0,0,3.125,0,0.144402965,0.040141095,0.098636898,0.107601685,0.099656715,0.120670905,0.931261294,0.034076729,0.152891917,0,0.006527619,0,0,0.048591437,0.045296833,0.060210091,0.006837759,0.249658112,0.396412397,0.00602078,0.004525122,0.008322064,0.001365339,-0.907911162,0,0,0,0,0,0,0,0,0.316418477,0.351892251,0.490752158,1.050460021,0,0,0,0,0,0,0,0,0,0,0,0.049672319,0.626722545,0.341507604,0.231960178,0.071262559,0.020802165,0.002196403,0.006923444,0.061992679,0.079295855,0.079614185,0.158209715,0.033440504,0.063854846,0.158857234,0.222155021,0.055292058,0.067292695,0.033503104,0.021072736,0.063791183,0.253095655,0.141858985,0.029922012,0.057615789,0.117094397,0,0.135263298,0.069123524,0,0.591919013,0.279229198,0.070803487,0.138771288,0.090243514,0.030749642,0.063711603,0.337039339,0.011828434,0.010851612,0.066281858
10900,2021,0.19472357,0.599522392,0.224497894,0.029748723,0.026894177,1.158497715,0.136070967,0.043778241,0.661352533,0,0,3.428571429,0,0.13690169,0.027744063,0.067988127,0.118252455,0.108971979,0.11438006,0.994827836,0.023441268,0.143392942,0,0.006195517,0,0,0.045138081,0.043711526,0.058008094,0.007734055,0.231258195,0.389922493,0.003020596,0.005145863,0.008960459,0.001868896,-0.91483724,0,0,0,0,0,0,0,0,0.30671438,0.340239194,0.520670496,1.04444863,0,0,0,0,0,0,0,0,0,0,0,0.033499315,0.666360851,0.298828091,0.232443006,0.044020149,0.016824053,0.002372424,0.004992945,0.039431859,0.081373172,0.071217031,0.153396493,0.021847332,0.073421098,0.152486393,0.226791335,0.036741561,0.070831589,0.035834458,0.019305019,0.043060272,0.193685941,0.110480532,0.01969267,0.037710688,0.118965031,0,0.143362156,0.040578892,0,0.554096891,0.301877085,0.042618034,0.13848444,0.087640136,0.033493046,0.038920159,0.28438418,0.004862828,0.004447911,0.039682671
10950,2011,0.210689655,0.271744029,0.179655172,0.075172414,0.144827586,0.263103448,0.152068966,0.141034483,0.772925764,0,0,2.272727273,0,0.173484344,0.120149254,0.295335821,0.109310345,0.110689655,0.152622275,1.020599251,-0.017944535,0.104482759,0,0.00137931,0,0,0.052750225,0.073038774,0.029305681,0.016958135,0.280869104,0.393746688,0.012718601,0.02688728,0.057566356,0.009307135,-0.644605309,0,0,0,0,0,0,0,0,0.370786517,0.357303371,0.37752809,1.078651685,0,0,0,0,0,0,0,0,0,0,0,0.092758621,0.350326023,0.690574985,0.216360403,0.141078838,0.084310189,0.008115419,0.035617674,0.107303877,0.0748422,0.118575293,0.148782687,0.064923354,0.039675383,0.193417493,0.18845807,0.090171326,0.047339946,0.029305681,0.009467989,0.097385032,0.239855726,0.118575293,0.028403968,0.108656447,0.157392687,0,0.16163222,0.140434552,0,0.439321675,0.300476948,0.141012397,0.091974752,0.054102795,0.017132552,0.119477006,0.342872284,0.011128776,0.007949126,0.129305776
10950,2016,0.237369985,0.301261093,0.19910847,0.08320951,0.164561664,0.286032689,0.127414562,0.157132244,0.758454106,0,0,3,0,0.15257732,0.10295906,0.245034455,0.124814264,0.108098068,0.168230144,0.948,-0.050905953,0.103640416,0,0.005943536,0,0,0.037850467,0.074299065,0.030373832,0.022209567,0.256833713,0.396355353,0.000569476,0.033060921,0.063521545,0.010401189,-0.560178306,0,0,0,0,0,0,0,0,0.368115942,0.324637681,0.437681159,1.057971014,0,0,0,0,0,0,0,0,0,0,0,0.121471025,0.385758514,0.613622291,0.20495356,0.183900929,0.063084112,0.001401869,0.022897196,0.141588785,0.071562208,0.088868101,0.156220767,0.07857811,0.052803738,0.163551402,0.211214953,0.110280374,0.04953271,0.031775701,0.008411215,0.152336449,0.240654206,0.121495327,0.031775701,0.140654206,0.121298405,0,0.130410023,0.186218679,0,0.498291572,0.251708428,0.190005491,0.095327103,0.054672897,0.020560748,0.152336449,0.299544419,0.004555809,0.001708428,0.170842825
10950,2021,0.246047831,0.343530592,0.204296717,0.053911634,0.178354276,0.323064451,0.143088772,0.130117552,0.666666667,0,0,3,0,0.146132919,0.105150215,0.254077253,0.100526956,0.10295906,0.15060241,0.908071749,0.001984127,0.129712201,0,-0.009323064,0,0,0.039738431,0.07193159,0.045774648,0.024884259,0.232638889,0.402777778,0,0.027563843,0.066072152,0.012160519,-0.569517633,0,0,0,0,0,0,0,0,0.334302326,0.343023256,0.450581395,1.020348837,0,0,0,0,0,0,0,0,0,0,0,0.085528983,0.430652312,0.558581381,0.215959468,0.139962001,0.049295775,0.005030181,0.018108652,0.114688129,0.078470825,0.07193159,0.158450704,0.061368209,0.076458753,0.151408451,0.234406439,0.088279678,0.05583501,0.02917505,0.018108652,0.100603622,0.194668008,0.106136821,0.015090543,0.102112676,0.107060185,0,0.130787037,0.125578704,0,0.503472222,0.241898148,0.130628127,0.115694165,0.07193159,0.021126761,0.108148893,0.284722222,0.001736111,0.002314815,0.118634259
11150,2011,0.242329149,0.291647224,0.118549512,0.105299861,0.302301255,0.248953975,0.127963738,0.266736402,0.817843866,0,0,2.363636364,0,0.160253968,0.226635514,0.555490654,0.087168759,0.099372385,0.148168701,0.85751073,0.03742515,0.105648536,0,-0.00209205,0,0,0.042970574,0.04483886,0.019617001,0.019411765,0.257647059,0.434705882,0.004117647,0.049511855,0.104253835,0.015341702,-0.268828452,0,0,0,0,0,0,0,0,0.4375,0.364130435,0.27173913,1.019021739,0,0,0,0,0,0,0,0,0,0,0,0.170502092,0.415220294,0.64552737,0.254339119,0.252336449,0.087342363,0.011676787,0.052312004,0.176553013,0.058383933,0.098085007,0.138720224,0.108827651,0.063054647,0.15646894,0.201774872,0.146426903,0.045305932,0.021952359,0.015413358,0.221391873,0.241943017,0.110228865,0.016814573,0.1947688,0.124705882,0,0.162941176,0.251764706,0,0.466470588,0.251176471,0.253201397,0.101821579,0.065857076,0.007940215,0.193367585,0.323529412,0.013529412,0.013529412,0.230588235
11150,2016,0.246393318,0.284085275,0.136294609,0.083523159,0.314730448,0.253227031,0.1317388,0.358769932,0.783783784,0,0,3.125,0,0.154796321,0.263572317,0.646083713,0.091875475,0.096051632,0.150668287,0.838862559,0.0521251,0.116173121,0,-0.001518603,0,0,0.046130952,0.052083333,0.027777778,0.029510396,0.201877934,0.456069752,0.004694836,0.050493546,0.104024298,0.019741838,-0.185269552,0,0,0,0,0,0,0,0,0.399339934,0.382838284,0.306930693,1.03630363,0,0,0,0,0,0,0,0,0,0,0,0.203492787,0.420236337,0.579025111,0.264401773,0.344903988,0.062996032,0.007936508,0.03422619,0.231646825,0.062065541,0.067527309,0.154915591,0.122144985,0.060019841,0.132936508,0.213293651,0.182787698,0.048115079,0.023809524,0.016369048,0.26984127,0.225694444,0.106150794,0.021329365,0.226190476,0.105969148,0,0.142857143,0.326626425,0,0.465459423,0.229376258,0.324624428,0.092261905,0.061011905,0.010912698,0.233630952,0.28906774,0.011401744,0.007377599,0.301810865
11150,2021,0.247435897,0.347802198,0.15,0.067521368,0.302564103,0.279487179,0.122649573,0.246581197,0.758426966,0,0,3.125,0,0.163134746,0.147961521,0.357306459,0.08974359,0.105982906,0.1374829,0.870100784,0.040681173,0.137606838,0,-0.004700855,0,0,0.040659341,0.045054945,0.031868132,0.023044693,0.203212291,0.437849162,0.006284916,0.052136752,0.084188034,0.025641026,-0.245726496,0,0,0,0,0,0,0,0,0.37458194,0.317725753,0.404682274,0.989966555,0,0,0,0,0,0,0,0,0,0,0,0.192307692,0.496056782,0.518138801,0.273659306,0.288643533,0.069230769,0.008241758,0.026923077,0.202197802,0.069818582,0.058823529,0.156129742,0.100054975,0.076373626,0.127472527,0.236263736,0.15521978,0.056043956,0.031868132,0.015384615,0.247252747,0.151098901,0.08956044,0.014285714,0.196703297,0.091480447,0,0.119413408,0.252094972,0,0.454608939,0.210893855,0.248294679,0.093406593,0.061538462,0.019230769,0.196153846,0.261871508,0.006284916,0.002793296,0.248603352
11200,2011,0.257078143,0.227790433,0.099660249,0.07984145,0.590600227,0.193091733,0.155152888,0.113250283,0.782122905,0,0,2.166666667,0,0.191893393,0.110357583,0.259247842,0.079275198,0.095130238,0.173684211,0.8252149,0.018050542,0.103624009,0,-0.005662514,0,0,0.044798785,0.038724374,0.009111617,0.033094812,0.146690519,0.535778175,0.002683363,0.107648725,0.185269122,0.033427762,0.237393768,0,0,0,0,0,0,0,0,0.426605505,0.316513761,0.376146789,1.077981651,0,0,0,0,0,0,0,0,0,0,0,0.071347678,0.317204301,0.84516129,0.178494624,0.116129032,0.154897494,0.013667426,0.09491268,0.082004556,0.081245254,0.14198937,0.100987092,0.045558087,0.042520881,0.223234624,0.143507973,0.075170843,0.056188307,0.022779043,0.028853455,0.110098709,0.171602126,0.078208049,0.022779043,0.095671982,0.110912343,0,0.147584973,0.101073345,0,0.461538462,0.244186047,0.105355575,0.098709188,0.058466211,0.012908125,0.10022779,0.287119857,0.005366726,0.005366726,0.101073345
11200,2016,0.27195639,0.245283019,0.106602059,0.076317383,0.612356148,0.158086008,0.147183525,0.145972138,0.790322581,0,0,2.888888889,0,0.172883363,0.110599078,0.259381172,0.0654149,0.083585706,0.182755389,0.805642633,-0.071246819,0.129618413,0,-0.005451242,0,0,0.032967033,0.040031397,0.006279435,0.029721956,0.102588686,0.55033557,0.001917546,0.095699576,0.165960024,0.043609933,0.290732889,0,0,0,0,0,0,0,0,0.301675978,0.379888268,0.391061453,1.005586592,0,0,0,0,0,0,0,0,0,0,0,0.11871593,0.339622642,0.733629301,0.187569367,0.198668147,0.111459969,0.005494505,0.06043956,0.138147567,0.06466877,0.145899054,0.109621451,0.095425868,0.03689168,0.203296703,0.147566719,0.118916797,0.057299843,0.027472527,0.025902669,0.160125589,0.168759812,0.103610675,0.018053375,0.138932496,0.111217641,0,0.144774688,0.175455417,0,0.431447747,0.236816874,0.17481203,0.102040816,0.069858713,0.010989011,0.145211931,0.256951103,0.002876318,0.002876318,0.164908917
11200,2021,0.266224189,0.268946396,0.147492625,0.058259587,0.514011799,0.25,0.131268437,0.230088496,0.795454545,0,0,2.875,0,0.146778711,0.118617439,0.294579733,0.08259587,0.103244838,0.148456057,0.898,0.151079137,0.154129794,0,-0.010324484,0,0,0.022222222,0.042592593,0.007407407,0.013173653,0.117365269,0.561676647,-0.001197605,0.072271386,0.125368732,0.061946903,0.179941003,0,0,0,0,0,0,0,0,0.382608696,0.356521739,0.391304348,1.017391304,0,0,0,0,0,0,0,0,0,0,0,0.160766962,0.383488682,0.641810919,0.222370173,0.2689747,0.076851852,0.007407407,0.030555556,0.185185185,0.100092678,0.09823911,0.117701576,0.092678406,0.046296296,0.20462963,0.165740741,0.135648148,0.048148148,0.027777778,0.009259259,0.203703704,0.121296296,0.072222222,0.012037037,0.174074074,0.095808383,0,0.094610778,0.228742515,0,0.380838323,0.201197605,0.227699531,0.077777778,0.051851852,0.016666667,0.17962963,0.233532934,0.008383234,0.004790419,0.226347305
11250,2011,0.219365988,0.212045335,0.197764217,0.068747637,0.075282173,0.326780796,0.115299455,0.112167198,0.773831776,0,0,2,0,0.136105779,0.087745752,0.214927797,0.104282551,0.089917373,0.144172312,0.870771513,0.020198122,0.140180355,0,0.006803823,0,0,0.063191882,0.077424881,0.06615709,0.021051826,0.208145143,0.445150425,0.007655209,0.016092451,0.027756777,0.002646074,-0.790096123,0,0,0,0,0,0,0,0,0.3176781,0.332453826,0.49182058,1.085488127,0,0,0,0,0,0,0,0,0,0,0,0.098817431,0.288258815,0.777171937,0.160577972,0.179661941,0.102662098,0.003953611,0.0528466,0.130271481,0.053900896,0.165985767,0.11412757,0.051001581,0.037888772,0.219886663,0.152016342,0.079204006,0.091921455,0.049947285,0.031035846,0.089219821,0.173892989,0.0985767,0.015089615,0.116697417,0.13565031,0,0.141085509,0.149429687,0,0.43290209,0.278037204,0.155021029,0.123748023,0.079665261,0.022733263,0.124604639,0.287988976,0.008344178,0.007119345,0.133659956
11250,2016,0.227298396,0.248882265,0.218037045,0.077366162,0.084707477,0.338208719,0.113564491,0.121526993,0.743326489,0,0,3.142857143,0,0.125693243,0.097080247,0.237008019,0.107409081,0.101987802,0.147644844,0.897484575,0.014974584,0.150496951,0,0.001468263,0,0,0.056409562,0.071510801,0.062504232,0.016198532,0.175789978,0.47294925,0.007181615,0.015699119,0.030268805,0.003783601,-0.76298848,0,0,0,0,0,0,0,0,0.325884544,0.35505897,0.459342024,1.063935444,0,0,0,0,0,0,0,0,0,0,0,0.092274678,0.329645416,0.700371815,0.188265167,0.171397479,0.089117627,0.002573305,0.039141329,0.127920363,0.062453431,0.122671544,0.123145702,0.06116643,0.051601544,0.185142548,0.174307578,0.096194217,0.096431232,0.053836257,0.032098598,0.104218866,0.183585021,0.102051872,0.017471389,0.100426627,0.125039898,0,0.124321736,0.132620492,0,0.472231088,0.261729971,0.136,0.129681046,0.078079502,0.027967766,0.114647525,0.286865624,0.007979572,0.007261411,0.12089052
11250,2021,0.230213782,0.284176608,0.23174892,0.054639527,0.099556516,0.368035024,0.117125313,0.115021606,0.726337449,0,0,3.142857143,0,0.130128891,0.068001443,0.164742665,0.113657039,0.108710484,0.146722561,0.981408358,0.002012651,0.145894928,0,0.000625426,0,0,0.047080592,0.072094298,0.056469298,0.017602021,0.146183598,0.485515826,0.009471939,0.019217648,0.033488742,0.005117125,-0.720491244,0,0,0,0,0,0,0,0,0.352941176,0.324478178,0.460468058,1.036053131,0,0,0,0,0,0,0,0,0,0,0,0.090459404,0.359640708,0.652219412,0.200488358,0.12732188,0.081483004,0.003083882,0.026932566,0.099849232,0.062238673,0.099184317,0.134073617,0.052368223,0.066611842,0.161252741,0.199972588,0.079906798,0.100191886,0.053659539,0.033580044,0.108209978,0.133292215,0.075246711,0.011444627,0.092859101,0.105059594,0,0.10632252,0.11303181,0,0.445970479,0.231983582,0.117580511,0.130139803,0.077234101,0.034059759,0.097108004,0.259925803,0.009393007,0.008761544,0.107901176
11300,2011,0.350553619,0.642368773,0.144434506,0.026215958,0.003701076,2.093791444,0.098757055,0.077445024,0.769509982,0,0,2.153846154,0,0.115794669,0.026667511,0.063533287,0.073867316,0.07096814,0.228933502,0.538954771,-0.001912906,0.099494202,0,0.002652356,0,0,0.039137669,0.046806048,0.052123273,0.00609854,0.290322581,0.487522067,0.00284866,0.000956082,0.000801875,0.000185048,-0.940414508,0,0,0,0,0,0,0,0,0.364649682,0.312898089,0.382165605,0.375796178,0,0,0,0,0,0,0,0,0,0,0,0.070565014,0.8045546,0.261249314,0.394869215,0.116059996,0.057621356,0.019279462,0.017217681,0.091803516,0.139767055,0.096035593,0.135426463,0.044491066,0.054980829,0.235802648,0.190407292,0.062070462,0.060912971,0.044346379,0.013202633,0.067966433,0.133509368,0.050748752,0.029154308,0.087282066,0.083333333,0,0.109813834,0.096974803,0,0.491293532,0.186527042,0.101499961,0.107574333,0.065723794,0.018917746,0.08941619,0.242296582,0.004533783,0.003891831,0.091036752
11300,2016,0.39172485,0.703405186,0.1428455,0.029965498,0.003966421,2.242793882,0.088619631,0.073351626,0.795808383,0,0,2.636363636,0,0.102435175,0.029207505,0.072052646,0.072509441,0.066940151,0.262308554,0.498370942,0.014361372,0.098318346,0,0.004835774,0,0,0.036370454,0.039463817,0.047150356,0.00982597,0.258589074,0.519115663,0.002698682,0.000624847,0.000950854,0.000407509,-0.943926757,0,0,0,0,0,0,0,0,0.357180431,0.337453972,0.354287217,0.321935823,0,0,0,0,0,0,0,0,0,0,0,0.05699693,0.840977557,0.214038259,0.401566501,0.0792288,0.047962755,0.020466192,0.011092363,0.065616798,0.173456636,0.083510372,0.146650837,0.034803799,0.059336333,0.256967879,0.206067992,0.052384077,0.059242595,0.043619548,0.012623422,0.065366829,0.140357455,0.049868766,0.033964504,0.064773153,0.074213749,0,0.095837802,0.074559734,0,0.487077466,0.170743521,0.075906155,0.103799525,0.060023747,0.021153606,0.069866267,0.22578971,0.003978826,0.00297547,0.072276234
11300,2021,0.38889027,0.724685153,0.153293383,0.022875898,0.003978417,2.290399582,0.088196534,0.060869781,0.705613577,0,0,2.454545455,0,0.094258433,0.020532784,0.050708597,0.073774772,0.065320636,0.257800739,0.484369876,-0.007247309,0.102120994,0,0.005420593,0,0,0.037612244,0.039786525,0.046450556,0.012918469,0.230046948,0.514713554,0.00147289,0.000820549,0.000994604,0.000422707,-0.944525947,0,0,0,0,0,0,0,0,0.345160449,0.324289069,0.399947822,0.374641273,0,0,0,0,0,0,0,0,0,0,0,0.057587587,0.859436667,0.186540732,0.402529938,0.082104908,0.039532388,0.022251087,0.009883097,0.068786356,0.124230617,0.070416173,0.166045514,0.034276357,0.067459197,0.194499351,0.233156379,0.052182753,0.057745524,0.042610267,0.010278421,0.067600384,0.096910826,0.03885469,0.02112159,0.068278082,0.076344779,0,0.097609623,0.076375464,0,0.426493602,0.182362147,0.081265178,0.091856328,0.057265488,0.017394251,0.072485458,0.191935929,0.001841112,0.001564945,0.074687778
11350,2011,0.196857133,0.491372434,0.13317813,0.065048444,0.017665788,1.063028519,0.131089733,0.118559348,0.713154689,0,0,2.181818182,0,0.139290477,0.098245999,0.242978505,0.07627786,0.074326406,0.095603734,0.658400646,0.055935318,0.158347028,0,-0.001198302,0,0,0.081944503,0.041559968,0.0537341,0.005415599,0.210192931,0.471350515,0.006624438,0.002910162,0.006333881,0.000650507,-0.90783347,0,0,0,0,0,0,0,0,0.342799189,0.333526514,0.456679223,0.992176181,0,0,0,0,0,0,0,0,0,0,0,0.073507258,0.581147909,0.386083221,0.259003946,0.090563964,0.036480416,0.003106503,0.011880274,0.076109315,0.066579908,0.134629109,0.127492549,0.042777381,0.040426514,0.201209017,0.167919063,0.058540783,0.055245372,0.027244868,0.021661559,0.076780992,0.25985475,0.153561983,0.021283741,0.085596742,0.128620473,0,0.165949422,0.100962236,0,0.581741695,0.290508196,0.103326589,0.117627304,0.086688216,0.01620419,0.088619286,0.334074755,0.01847106,0.018035878,0.095401576
11350,2016,0.196190899,0.506967712,0.168842692,0.062650526,0.018189885,1.048200025,0.113639245,0.183419952,0.745653574,0,0,3,0,0.125369316,0.109830302,0.271060104,0.08819242,0.09129801,0.09815248,0.744388239,0.067927525,0.173913043,0,-0.004595006,0,0,0.062935465,0.041309728,0.050980392,0.004909295,0.180755564,0.472227417,0.004348233,0.003390797,0.004880213,0.001109139,-0.83819242,0,0,0,0,0,0,0,0,0.328012048,0.353313253,0.443072289,0.972289157,0,0,0,0,0,0,0,0,0,0,0,0.131068576,0.632554584,0.322583727,0.267067985,0.177487937,0.022577575,0.002208262,0.007005521,0.141519132,0.056902524,0.094165112,0.14490161,0.071670536,0.052198744,0.151151723,0.197182562,0.111231677,0.052693699,0.026956025,0.020483533,0.159109081,0.249990482,0.152065486,0.017513802,0.141290691,0.108097999,0,0.137647279,0.180521788,0,0.59963531,0.269496914,0.182423556,0.112050257,0.077098801,0.02143537,0.151418237,0.319618478,0.012016084,0.011361511,0.1747709
11350,2021,0.222865212,0.599425818,0.185679477,0.0503378,0.018966663,1.245237568,0.111667959,0.134981726,0.726485863,0,0,2.777777778,0,0.12438951,0.066215704,0.162200776,0.098266696,0.103472145,0.106622011,0.746711392,0.075366657,0.143814376,0,-0.004264038,0,0,0.05029869,0.033202416,0.041915575,0.005801955,0.167555781,0.474397414,0.002569993,0.003128807,0.00537158,0.001467494,-0.865987374,0,0,0,0,0,0,0,0,0.329233923,0.343838073,0.44786062,0.939789905,0,0,0,0,0,0,0,0,0,0,0,0.101229372,0.708002348,0.246214048,0.30808061,0.125963608,0.015314037,0.001947259,0.004752632,0.106208126,0.059139962,0.070459721,0.167882248,0.056301772,0.072642661,0.129575234,0.240304961,0.087478135,0.04917654,0.026271494,0.016106142,0.123172382,0.195154956,0.116703522,0.011254497,0.106175121,0.097698688,0,0.128889062,0.126942097,0,0.589424088,0.255208131,0.126746621,0.11112578,0.07135549,0.026007459,0.108155385,0.289318952,0.009579066,0.008683462,0.124683618
11400,2011,0.191716715,0.340221623,0.176351299,0.057951798,0.031198814,0.427189767,0.156384057,0.036814601,0.730679157,0,0,2.363636364,0,0.173915821,0.036592433,0.08527196,0.096014351,0.105295999,0.10480856,0.977356049,0.026985051,0.137955237,0,-0.00623879,0,0,0.049031356,0.052326743,0.026163371,0.010873147,0.310488742,0.332454695,0.005052169,0.00569334,0.012712525,0.001871783,-0.910232413,0,0,0,0,0,0,0,0,0.314772204,0.338702255,0.502531063,1.11504832,0,0,0,0,0,0,0,0,0,0,0,0.046478983,0.411119239,0.606193611,0.188246769,0.074372104,0.068004793,0.002895946,0.027062113,0.060914719,0.082085081,0.118833633,0.159476733,0.029259037,0.045436389,0.200918714,0.204913122,0.047783104,0.063211504,0.036149391,0.017475534,0.043638906,0.274715398,0.152686239,0.028360296,0.057918914,0.154091159,0,0.165074135,0.069082921,0,0.488632619,0.312904997,0.072177074,0.129618534,0.089574596,0.021769523,0.061713601,0.327182867,0.010323998,0.009665019,0.057770456
11400,2016,0.195203944,0.372535949,0.198490961,0.058269834,0.037053638,0.416479904,0.153742716,0.068728522,0.74368231,0,0,3.25,0,0.172799019,0.035442436,0.084483032,0.103839833,0.109666816,0.111606007,1.052642888,0.017014695,0.133273569,0,-0.002017033,0,0,0.039813316,0.056005334,0.031241071,0.011560694,0.294034246,0.346820809,0.007089105,0.007545196,0.013596295,0.002390557,-0.856715972,0,0,0,0,0,0,0,0,0.299581979,0.359498374,0.50394798,1.116581514,0,0,0,0,0,0,0,0,0,0,0,0.08419244,0.459775603,0.547744092,0.205657675,0.111840535,0.058862749,0.002952662,0.017525479,0.088579865,0.079809524,0.099714286,0.15952381,0.050952381,0.050290504,0.178969426,0.210020002,0.07562625,0.058672255,0.035336699,0.016953996,0.09848557,0.280312411,0.148680827,0.02790742,0.090865797,0.138401134,0,0.148871196,0.115279747,0,0.518595267,0.295124877,0.116622691,0.123535575,0.078483665,0.026859701,0.103152681,0.342894536,0.01145163,0.010360999,0.105136874
11400,2021,0.19199477,0.410864017,0.215603661,0.043149789,0.050341421,0.439052739,0.151096905,0.083902368,0.716378162,0,0,3.25,0,0.158856559,0.040534386,0.097274935,0.107075403,0.113540607,0.118501816,1.123475948,0.028316524,0.144486416,0,-0.006683132,0,0,0.039653601,0.056791249,0.026071103,0.010715022,0.263548321,0.34318978,0.009375644,0.010969054,0.016780474,0.003196281,-0.830379195,0,0,0,0,0,0,0,0,0.275203058,0.354037267,0.545150502,1.134257047,0,0,0,0,0,0,0,0,0,0,0,0.076056952,0.497276265,0.488715953,0.192884936,0.106503613,0.042297174,0.002734731,0.010938924,0.087420237,0.07808656,0.083006834,0.162642369,0.049202733,0.069917958,0.161257976,0.232269827,0.073245214,0.062078396,0.035824977,0.015770283,0.093527803,0.217137648,0.118596171,0.019690064,0.081586144,0.121471255,0,0.132495364,0.092314033,0,0.52833299,0.284875335,0.094151639,0.128441203,0.084229717,0.030355515,0.084412033,0.314032557,0.012260457,0.010715022,0.090974655
11450,2011,0.268406206,0.412538411,0.097090973,0.030641749,0.01969323,1.035366714,0.170433709,0.036583216,0.731861888,0,0,2.727272727,0,0.192973339,0.021916662,0.053100162,0.07577574,0.075934415,0.153314106,0.738533062,0.028258822,0.098836389,0,0.001480959,0,0,0.057504714,0.034665797,0.046190022,0.009457566,0.388160528,0.353958167,0.004578663,0.003737659,0.007898449,0.000634697,-0.925105783,0,0,0,0,0,0,0,0,0.348617975,0.341112942,0.434559766,0.962749405,0,0,0,0,0,0,0,0,0,0,0,0.050581805,0.482290632,0.507640958,0.290632241,0.065403288,0.042022676,0.005680628,0.018671571,0.05519987,0.083928946,0.083975508,0.199334156,0.029055014,0.065047843,0.167904454,0.264381999,0.043163458,0.051637837,0.024910949,0.014341257,0.051265337,0.146020068,0.061835029,0.022233604,0.060275185,0.111764412,0,0.166458167,0.065177142,0,0.54631205,0.251401121,0.066332793,0.108770051,0.074150816,0.012711568,0.061532373,0.381505204,0.012785228,0.012259808,0.059072258
11450,2016,0.282620369,0.472049063,0.105461658,0.031361068,0.024712982,1.155194457,0.16552456,0.04377509,0.761904762,0,0,3.875,0,0.189480478,0.022502904,0.055280593,0.083343987,0.081311207,0.156794289,0.742802018,0.025948415,0.094300545,0,0.001956071,0,0,0.053191311,0.030258228,0.045479747,0.009982149,0.376807898,0.351433568,0.00517323,0.00497328,0.00906441,0.00085658,-0.907514894,0,0,0,0,0,0,0,0,0.364323813,0.335763959,0.404834245,0.864897711,0,0,0,0,0,0,0,0,0,0,0,0.050461531,0.548037729,0.426756986,0.332571924,0.072150129,0.030695049,0.004435409,0.012365384,0.06164211,0.092659487,0.06534048,0.193803659,0.032981065,0.079400548,0.157927454,0.273164093,0.05424136,0.055896238,0.025369197,0.016011156,0.067488785,0.151845567,0.06186052,0.024092337,0.059390803,0.101278735,0,0.151080185,0.068946045,0,0.561586943,0.231447412,0.072031927,0.112397305,0.073016246,0.016548781,0.065405487,0.392181865,0.010874713,0.01001858,0.064209989
11450,2021,0.28442489,0.552603268,0.099350513,0.018143725,0.032415671,1.376727425,0.177842028,0.030513304,0.711170688,0,0,3.875,0,0.199707292,0.014800778,0.036216668,0.086260214,0.085329981,0.148845145,0.749462468,0.025337923,0.08655353,0,0.003067253,0,0,0.05018604,0.027177568,0.042441834,0.011261102,0.377329375,0.351485382,0.004075671,0.005707102,0.012729939,0.001265451,-0.907353865,0,0,0,0,0,0,0,0,0.392433234,0.329665348,0.361935378,0.720037916,0,0,0,0,0,0,0,0,0,0,0,0.034116908,0.623329685,0.351459696,0.375054086,0.043421823,0.025933563,0.007464025,0.009895997,0.038183082,0.096317217,0.05817811,0.184990922,0.021843409,0.093647734,0.154491864,0.278544851,0.035028242,0.061976061,0.02728964,0.017225535,0.048392881,0.090913166,0.037566683,0.014703905,0.04034608,0.107699013,0,0.167090725,0.044384762,0,0.493238627,0.241218461,0.045915879,0.107724033,0.069686645,0.013672838,0.043013404,0.370603341,0.005972154,0.005383184,0.042983014
11500,2011,0.296245042,0.410727136,0.093260806,0.029061363,0.032397734,1.383319517,0.141415525,0.049915392,0.785091343,0,0,2.636363636,0,0.172590225,0.028752461,0.069954913,0.074092089,0.073276837,0.175364991,0.708219815,0.038572833,0.120423654,0,0.000534364,0,0,0.059525063,0.032031031,0.050530048,0.010682869,0.301783954,0.445258588,0.003440889,0.006569933,0.013201524,0.000787844,-0.886036666,0,0,0,0,0,0,0,0,0.35481908,0.32022656,0.421757244,0.662079296,0,0,0,0,0,0,0,0,0,0,0,0.074982188,0.500482819,0.504790218,0.267156357,0.101316089,0.050021061,0.008995015,0.029231606,0.081946785,0.097005757,0.094329191,0.183340354,0.038147641,0.051670879,0.191334948,0.235011233,0.058450049,0.067721497,0.026563816,0.028029346,0.070187447,0.118172564,0.052206192,0.022360292,0.086053777,0.109103663,0,0.140649882,0.095785622,0,0.485819368,0.227572609,0.098743251,0.118944819,0.075566905,0.013444257,0.089353412,0.315604383,0.008701752,0.007848639,0.08571889
11500,2016,0.289250092,0.474192815,0.117989121,0.031858655,0.038030394,1.559379896,0.143389425,0.054991529,0.79284791,0,0,3.333333333,0,0.16956347,0.030980467,0.075457733,0.085442595,0.084359833,0.173666657,0.764208453,0.029339626,0.118141982,0,0.002235583,0,0,0.053464124,0.033057784,0.049176601,0.011381552,0.285495385,0.441923084,0.002409169,0.007700343,0.014483523,0.001369374,-0.870508133,0,0,0,0,0,0,0,0,0.360848651,0.340834908,0.369137605,0.535217317,0,0,0,0,0,0,0,0,0,0,0,0.067322268,0.566802216,0.43142975,0.302667767,0.091201084,0.042761555,0.009427681,0.021470101,0.075429564,0.11270362,0.087846946,0.193128482,0.037199747,0.061381427,0.20056355,0.254514893,0.060220223,0.074690616,0.028412967,0.029622893,0.083111378,0.131743918,0.05595706,0.024295969,0.074771819,0.104249703,0,0.131299711,0.08696923,0,0.491993056,0.219092664,0.089833112,0.125304512,0.075665053,0.01804333,0.082486114,0.325051815,0.007599511,0.006634072,0.082443181
11500,2021,0.270922677,0.535291383,0.132897875,0.021737037,0.040817136,1.688248857,0.152091276,0.053903546,0.745154891,0,0,3.222222222,0,0.173858919,0.019730251,0.047660688,0.092924841,0.088823299,0.158264311,0.798118828,0.021099263,0.110464029,0,0.004237504,0,0,0.047074891,0.034986524,0.046827893,0.009934912,0.291382459,0.434802628,0.002247647,0.008089781,0.01510319,0.00200545,-0.868801659,0,0,0,0,0,0,0,0,0.356732125,0.345231637,0.355538679,0.430906658,0,0,0,0,0,0,0,0,0,0,0,0.060237142,0.630165628,0.364805903,0.340147398,0.079470542,0.035989045,0.011136699,0.015844188,0.066820193,0.117254355,0.081143123,0.191154891,0.034353252,0.075210856,0.198368361,0.266430808,0.054455769,0.081247775,0.0350737,0.02793982,0.08042687,0.082155856,0.035967251,0.012865684,0.066733017,0.108745532,0,0.138199073,0.074024069,0,0.426467604,0.226559695,0.076464212,0.115028368,0.069566228,0.018924397,0.069871343,0.298515616,0.004745033,0.003925578,0.071729596
11520,2011,0.291817906,0.624946441,0.138444887,0.032086903,0.00377493,1.670234811,0.104734501,0.068212716,0.787377333,0,0,2.083333333,0,0.13241255,0.028772858,0.070479866,0.084289165,0.080395444,0.160389932,0.562061416,0.022065313,0.10656917,0,0.003088579,0,0,0.046082803,0.043512068,0.048637669,0.007671874,0.326377967,0.401174373,0.004159239,0.000541176,0.001029553,0.000263988,-0.933026227,0,0,0,0,0,0,0,0,0.428599393,0.316922776,0.326416756,0.626896349,0,0,0,0,0,0,0,0,0,0,0,0.071750063,0.752062619,0.281900879,0.406600381,0.099159567,0.048478982,0.010965295,0.011520701,0.081819192,0.102670708,0.06829903,0.149880191,0.042099751,0.075217798,0.170969738,0.225097989,0.060689973,0.046352572,0.031816811,0.010806608,0.078645445,0.150086485,0.064887253,0.021613215,0.08372344,0.08451295,0,0.121474258,0.093949879,0,0.56530705,0.20273671,0.096648958,0.106288779,0.070346097,0.018058619,0.086944793,0.285362273,0.006186432,0.005732061,0.08792073
11520,2016,0.30648185,0.683114065,0.146679543,0.036425609,0.004703744,1.842708629,0.106527296,0.064136795,0.788943804,0,0,2.6,0,0.128775164,0.02852258,0.070174508,0.085530875,0.080156791,0.1720073,0.568056229,0.034182461,0.105243424,0,0.004965063,0,0,0.041829427,0.040622287,0.04965549,0.008470384,0.313913917,0.410791119,0.003283211,0.000715787,0.001283872,0.000249957,-0.935386014,0,0,0,0,0,0,0,0,0.40587775,0.331449439,0.328406226,0.563255369,0,0,0,0,0,0,0,0,0,0,0,0.059955689,0.801099938,0.225231419,0.41770452,0.082351436,0.039591471,0.011054145,0.006808811,0.069742839,0.11736064,0.060680863,0.144798589,0.035914824,0.075412326,0.178005642,0.21999783,0.058464898,0.049845378,0.035929362,0.009711372,0.074245877,0.167087131,0.071573893,0.023980035,0.067789714,0.078302325,0,0.109680224,0.078707105,0,0.564172526,0.189646643,0.079696754,0.107679579,0.068467882,0.021660699,0.072631836,0.284589899,0.004377614,0.003837908,0.075408902
11520,2021,0.273422519,0.720903594,0.168608498,0.024199065,0.005629254,1.90479608,0.116397726,0.047130987,0.682539683,0,0,2.5,0,0.12451547,0.023960009,0.057682142,0.091110937,0.08446124,0.1454715,0.617690113,0.026744288,0.114962378,0,0.007098243,0,0,0.04191864,0.04122599,0.050110558,0.007045354,0.288092499,0.397622193,0.001917586,0.001255929,0.001311997,0.000358837,-0.951680366,0,0,0,0,0,0,0,0,0.364675017,0.325660122,0.402420447,0.594617468,0,0,0,0,0,0,0,0,0,0,0,0.04235397,0.821490653,0.193574456,0.392470495,0.057104083,0.030623119,0.010323148,0.003996057,0.049830834,0.094489657,0.052506094,0.137711949,0.025853457,0.079241815,0.147028265,0.217039188,0.042331566,0.051455897,0.036137677,0.010136665,0.052961078,0.122718917,0.058808642,0.016676879,0.048538775,0.082200537,0,0.120893169,0.053024815,0,0.527165807,0.21383219,0.056485817,0.111343474,0.072635,0.022804167,0.050816528,0.258462238,0.002017017,0.001676113,0.05225778
11600,2011,0.212214921,0.309090909,0.153846154,0.076536529,0.068419018,0.461151913,0.149594124,0.079628914,0.787356322,0,0,2.181818182,0,0.164925955,0.074539363,0.176926298,0.086973328,0.098183224,0.135862913,0.812264151,-0.062080537,0.120262954,0,-0.003480278,0,0,0.049188392,0.054599115,0.00885391,0.021240917,0.311347121,0.36333147,0.000558971,0.011209896,0.027058369,0.003478933,-0.822187862,0,0,0,0,0,0,0,0,0.336734694,0.341836735,0.43877551,1.068877551,0,0,0,0,0,0,0,0,0,0,0,0.050270688,0.392476489,0.68338558,0.212539185,0.078996865,0.108214461,0.007870143,0.051155927,0.061977373,0.071815052,0.125922282,0.196753566,0.040826365,0.037383178,0.197737334,0.234136744,0.050909985,0.046728972,0.028037383,0.014756517,0.043777668,0.270536153,0.137235612,0.025577964,0.071815052,0.167691448,0,0.187814421,0.081050866,0,0.489100056,0.306316378,0.081688596,0.116084604,0.076733891,0.013280866,0.0703394,0.316936836,0.015651202,0.012297373,0.07098938
11600,2016,0.24751747,0.336846929,0.146745127,0.081279882,0.079808753,0.511585142,0.132401618,0.127620449,0.741935484,0,0,3,0,0.144631118,0.094,0.2266,0.0809121,0.094152262,0.147522523,0.749537893,-0.059983566,0.138653917,0,-0.011033468,0,0,0.042105263,0.054462243,0.00778032,0.024175824,0.283516484,0.372527473,0.004945055,0.016550202,0.023538065,0.00331004,-0.757631482,0,0,0,0,0,0,0,0,0.362694301,0.331606218,0.404145078,0.997409326,0,0,0,0,0,0,0,0,0,0,0,0.095991173,0.437908497,0.575163399,0.241830065,0.14973262,0.075514874,0.005949657,0.024713959,0.115789474,0.068712781,0.091158956,0.209803023,0.064590014,0.046224256,0.157437071,0.25812357,0.090160183,0.052631579,0.027459954,0.016018307,0.118077803,0.264988558,0.131350114,0.029748284,0.108924485,0.13021978,0,0.14010989,0.146153846,0,0.521428571,0.255494505,0.146808511,0.107551487,0.069107551,0.020594966,0.111212815,0.317032967,0.004395604,0.005494505,0.12967033
11600,2021,0.269713887,0.372719374,0.151081647,0.059665038,0.088276343,0.660502442,0.126308444,0.210048849,0.780952381,0,0,3.125,0,0.143473929,0.115641216,0.277057079,0.086531752,0.100488486,0.153256705,0.76419214,-0.094311377,0.135380321,0,-0.018492673,0,0,0.039496528,0.044704861,0.016059028,0.014238773,0.245345016,0.392661555,-0.000547645,0.012212142,0.03175157,0.005233775,-0.712840195,0,0,0,0,0,0,0,0,0.390180879,0.330749354,0.374677003,0.979328165,0,0,0,0,0,0,0,0,0,0,0,0.12072575,0.478503629,0.503629257,0.294249023,0.170854271,0.047743056,0.009548611,0.016927083,0.131076389,0.070526774,0.059207662,0.222464084,0.080104484,0.062934028,0.130642361,0.283420139,0.109157986,0.049913194,0.028645833,0.013888889,0.147569444,0.178819444,0.092447917,0.016493056,0.125434028,0.107338445,0,0.139101862,0.168127054,0,0.520810515,0.235487404,0.164718385,0.092881944,0.062065972,0.015190972,0.133680556,0.318181818,0.005476451,0.006024096,0.161007667
11700,2011,0.245102963,0.234177215,0.133601205,0.077850326,0.380713209,0.318935208,0.142641888,0.252134606,0.7421875,0,0,2.181818182,0,0.133503619,0.281505728,0.679214403,0.081868408,0.095429432,0.142532221,0.805837563,-0.067254686,0.145582329,0,-0.019076305,0,0,0.035465484,0.026599113,-0.020265991,0.017113095,0.17485119,0.494791667,-0.003720238,0.071823204,0.115017579,0.018583626,-0.191863385,0,0,0,0,0,0,0,0,0.367088608,0.324894515,0.4092827,1.008438819,0,0,0,0,0,0,0,0,0,0,0,0.092871486,0.330608538,0.788374205,0.198001817,0.144414169,0.157061431,0.005066498,0.089297023,0.100696643,0.071564281,0.139962001,0.113362888,0.075997467,0.038632046,0.211526282,0.151994934,0.072830906,0.043065231,0.016466118,0.022165928,0.098163395,0.229259025,0.126029132,0.02849905,0.095630146,0.133184524,0,0.145833333,0.110863095,0,0.499255952,0.270089286,0.109639441,0.10829639,0.063331222,0.01709943,0.10259658,0.296130952,0.009672619,0.009672619,0.109375
11700,2016,0.261865794,0.223418573,0.159847245,0.092198582,0.394980906,0.25259138,0.100927441,0.277686852,0.838235294,0,0,3,0,0.130434783,0.215745192,0.515024038,0.08619749,0.12547736,0.164598842,0.811452514,-0.056930693,0.146753955,0,-0.028368794,0,0,0.028282828,0.034343434,-0.037037037,0.020426288,0.127886323,0.555062167,0.000888099,0.078014184,0.096563011,0.024549918,-0.079105292,0,0,0,0,0,0,0,0,0.421965318,0.335260116,0.283236994,0.878612717,0,0,0,0,0,0,0,0,0,0,0,0.182214948,0.342240493,0.717368962,0.171634121,0.323741007,0.103030303,0.004713805,0.045791246,0.214141414,0.078114478,0.096296296,0.113131313,0.132659933,0.033670034,0.177777778,0.142760943,0.164983165,0.042424242,0.017508418,0.02020202,0.24983165,0.173063973,0.091582492,0.013468013,0.221548822,0.134991119,0,0.121669627,0.269982238,0,0.413854352,0.247779751,0.27154047,0.084175084,0.047138047,0.015488215,0.228282828,0.218472469,0.002664298,0.007104796,0.285079929
11700,2021,0.249275362,0.225263158,0.202318841,0.067246377,0.365217391,0.236521739,0.092753623,0.363478261,0.738636364,0,0,2.875,0,0.119859226,0.235111663,0.574751861,0.089855072,0.129855072,0.132899628,0.966929134,0.073770492,0.140289855,0,-0.028985507,0,0,0.033802817,0.033802817,0.009859155,0.020793951,0.122873346,0.541587902,-0.006616257,0.059130435,0.097391304,0.029565217,-0.077681159,0,0,0,0,0,0,0,0,0.343283582,0.425373134,0.28358209,1.044776119,0,0,0,0,0,0,0,0,0,0,0,0.219130435,0.346153846,0.697649573,0.189102564,0.330128205,0.097887324,0.012676056,0.041549296,0.220422535,0.080588648,0.091800981,0.105816398,0.118430273,0.042957746,0.168309859,0.144366197,0.180985915,0.049295775,0.030985915,0.014788732,0.251408451,0.145070423,0.092253521,0.008450704,0.223943662,0.09168242,0,0.09073724,0.297731569,0,0.411153119,0.202268431,0.29537037,0.076760563,0.042253521,0.019014085,0.229577465,0.175803403,0.003780718,0,0.304347826
11720,2011,0.251534225,0.242346173,0.14079465,0.044610543,0.048308419,0.469571204,0.139948859,0.068823761,0.770526316,0,0,2.363636364,0,0.166431939,0.043770974,0.106277408,0.089850511,0.088532651,0.152824325,0.817453882,-0.003109262,0.129246081,0,9.83E-05,0,0,0.065079286,0.051648242,0.046971137,0.020695434,0.264125122,0.409663455,0.005446167,0.009618222,0.018233316,0.001711217,-0.857496902,0,0,0,0,0,0,0,0,0.360698932,0.313687422,0.463597282,1.107336014,0,0,0,0,0,0,0,0,0,0,0,0.077437501,0.305084746,0.718886655,0.179354592,0.121069935,0.075258866,0.005502476,0.035240858,0.09486769,0.066855085,0.133084888,0.13968786,0.052373568,0.029913461,0.199939973,0.169601321,0.066705017,0.083087389,0.038642389,0.032639688,0.077384823,0.125431444,0.066604972,0.013606123,0.093091891,0.147744728,0,0.158972211,0.109258483,0,0.467644184,0.284764698,0.110335424,0.127957581,0.083862738,0.019583813,0.096318343,0.354168412,0.012372574,0.011171624,0.098813015
11720,2016,0.252807775,0.274642946,0.163948884,0.050449964,0.07212023,0.456605472,0.137832973,0.095284377,0.768987342,0,0,3.25,0,0.159133339,0.049795284,0.122147244,0.097228222,0.096058315,0.156376605,0.874916611,-0.00380166,0.12912167,0,0.000197984,0,0,0.060648578,0.049333545,0.045305393,0.018020385,0.233004098,0.42752443,0.005306294,0.013786897,0.025395968,0.003041757,-0.788012959,0,0,0,0,0,0,0,0,0.339202705,0.352725736,0.45668404,1.110860685,0,0,0,0,0,0,0,0,0,0,0,0.093988481,0.346071697,0.647462911,0.200600358,0.145904289,0.059494444,0.002579828,0.024485732,0.114304465,0.077387958,0.115821639,0.146355817,0.065595292,0.042454004,0.193283396,0.188780013,0.084104641,0.090542895,0.040123108,0.034669262,0.115503858,0.137817104,0.068614361,0.015750526,0.106451832,0.134785121,0,0.148681307,0.132972575,0,0.488704424,0.27739834,0.134994888,0.123401752,0.076512254,0.022177465,0.116386431,0.356572449,0.011164232,0.010218556,0.125433435
11720,2021,0.262257983,0.329087759,0.170150239,0.036459643,0.101835554,0.506097561,0.145870003,0.077586749,0.703245389,0,0,3.25,0,0.157433465,0.035050235,0.084640853,0.099116797,0.101819839,0.158827062,0.862489895,-0.016373942,0.120049661,0,-0.000424315,0,0,0.056554005,0.043345603,0.037932324,0.019309123,0.220859167,0.429871568,0.006908769,0.019204174,0.034919537,0.005060347,-0.752734473,0,0,0,0,0,0,0,0,0.350955572,0.326880119,0.445768181,1.061553735,0,0,0,0,0,0,0,0,0,0,0,0.073045009,0.394861038,0.574128808,0.227105878,0.106974305,0.046003031,0.003503868,0.01527529,0.088403772,0.075472441,0.09476378,0.169980315,0.060275591,0.06698687,0.170173815,0.236944155,0.059841342,0.097478396,0.04413299,0.031613551,0.092399756,0.096494164,0.049290368,0.010255704,0.082340899,0.114061116,0,0.136514615,0.095527015,0,0.475664305,0.255668733,0.096293738,0.131119466,0.07777406,0.026515226,0.085608551,0.330048716,0.009565988,0.008724535,0.093201949
11730,2011,0.186147186,0.274395371,0.212684989,0.064471962,0.057283801,0.484767945,0.128521091,0.086036444,0.746718695,0,0,2.181818182,0,0.142463349,0.079007404,0.193870523,0.106211618,0.107963354,0.11116318,1.014159924,0.027055591,0.156042363,0,-0.000563766,0,0,0.063493633,0.064309556,0.048905922,0.012622173,0.218793633,0.399832449,0.00513823,0.010530343,0.021745258,0.002536947,-0.846977812,0,0,0,0,0,0,0,0,0.312981016,0.320335215,0.535488285,1.125021378,0,0,0,0,0,0,0,0,0,0,0,0.06664519,0.343168577,0.685522771,0.147121468,0.108031072,0.077685746,0.003263691,0.029224873,0.085276301,0.060007417,0.152429225,0.113042403,0.040647793,0.029002349,0.212436642,0.142044752,0.053232785,0.093732229,0.048485598,0.035678081,0.05887007,0.207689455,0.1239461,0.020670046,0.082383484,0.167271712,0,0.153309132,0.09907847,0,0.461882156,0.333482268,0.101729674,0.143849672,0.093138831,0.029842997,0.086265299,0.288774085,0.011058364,0.010053058,0.088774085
11730,2016,0.180695072,0.301435181,0.256675416,0.058475262,0.063468256,0.487478045,0.115707209,0.12348286,0.752631579,0,0,2.875,0,0.124316525,0.089571324,0.220909758,0.117404433,0.122910541,0.113560477,1.126484189,0.019590481,0.164768803,0,-0.002151132,0,0,0.052450194,0.067392125,0.050750637,0.009912377,0.181243154,0.416703176,0.005640745,0.011446389,0.022063902,0.003848355,-0.801069645,0,0,0,0,0,0,0,0,0.305248886,0.353864033,0.522177029,1.117954678,0,0,0,0,0,0,0,0,0,0,0,0.089716011,0.37915816,0.631349826,0.155548217,0.136273568,0.064913606,0.003115853,0.020984798,0.107001227,0.064280824,0.145818087,0.127688204,0.056844739,0.036446039,0.210154848,0.16421962,0.080174205,0.100132188,0.053559626,0.035313002,0.100887546,0.206519687,0.12180153,0.01817581,0.101760929,0.152272727,0,0.126533406,0.132338445,0,0.476177437,0.313335159,0.134118202,0.140118969,0.084552922,0.035194977,0.114531206,0.269824754,0.009720701,0.008515882,0.122426068
11730,2021,0.190390834,0.33796062,0.274082971,0.046512058,0.081142012,0.5221288,0.116751363,0.117712279,0.703646237,0,0,2.875,0,0.123444471,0.064322952,0.155284017,0.126877945,0.127931258,0.121927333,1.161256422,0.000973311,0.155446734,0,-0.001866396,0,0,0.045004619,0.062821697,0.045114601,0.013379117,0.161719446,0.416024418,0.006638688,0.014524623,0.025649081,0.005876374,-0.775552065,0,0,0,0,0,0,0,0,0.318097705,0.330495929,0.503700962,1.076054774,0,0,0,0,0,0,0,0,0,0,0,0.089346762,0.414191061,0.566311845,0.165236518,0.130858632,0.047974132,0.003123488,0.013131846,0.106132594,0.066194426,0.124843258,0.155883582,0.062608619,0.052637367,0.190994677,0.208349831,0.076206502,0.100743478,0.057784523,0.029717126,0.10408693,0.156790286,0.092912762,0.011856056,0.098345871,0.127152486,0,0.111789393,0.11578278,0,0.476179575,0.289304337,0.115869692,0.141612776,0.080924728,0.042716994,0.102217236,0.25812031,0.009233117,0.008597228,0.113112044
11750,2011,0.268152866,0.27250342,0.121019108,0.085774947,0.12866242,0.408917197,0.134607219,0.171549894,0.817721519,0,0,2.181818182,0,0.157468963,0.158969599,0.391158041,0.088747346,0.087898089,0.169683258,0.753030303,-0.064912281,0.109272226,0,0,0,0,0.059885152,0.044572054,0.018321028,0.033914729,0.284560724,0.387596899,0.005167959,0.025466893,0.043505942,0.005730051,-0.669354839,0,0,0,0,0,0,0,0,0.395251397,0.335195531,0.372905028,1.036312849,0,0,0,0,0,0,0,0,0,0,0,0.094631869,0.344646606,0.661651505,0.217284815,0.131210637,0.075471698,0.003828275,0.038282745,0.102543068,0.076838939,0.107191687,0.135083402,0.059611704,0.044298605,0.184030626,0.179382007,0.073284113,0.041564124,0.021602406,0.012852065,0.102816516,0.184030626,0.088870659,0.020508614,0.10828548,0.144056848,0,0.177002584,0.130813953,0,0.494186047,0.286175711,0.131728942,0.085589281,0.056330325,0.01203172,0.109105824,0.33624031,0.01130491,0.010335917,0.11627907
11750,2016,0.261889391,0.295353982,0.137723262,0.072950291,0.137292877,0.43748655,0.135356144,0.191951797,0.848238482,0,0,3.428571429,0,0.162975072,0.135204082,0.333371985,0.091887239,0.089735313,0.148432288,0.781463928,-0.025761124,0.127394018,0,-0.003658274,0,0,0.055754899,0.044714325,0.015180789,0.024299696,0.254471819,0.387445157,0.005737428,0.024747149,0.045190445,0.010114052,-0.61222294,0,0,0,0,0,0,0,0,0.363112392,0.377521614,0.383285303,1.030259366,0,0,0,0,0,0,0,0,0,0,0,0.127394018,0.388581952,0.599631676,0.267403315,0.19558011,0.065139387,0.003588187,0.02539332,0.146563621,0.090256693,0.079492134,0.12172233,0.078664091,0.050234612,0.171128899,0.171956942,0.109163677,0.050786641,0.026221364,0.015456804,0.161468396,0.222743583,0.086944521,0.033397737,0.138007176,0.134998313,0,0.16638542,0.184272697,0,0.498143773,0.277421532,0.185136468,0.085012421,0.051890698,0.012972675,0.146287607,0.335470807,0.009112386,0.007424907,0.17279784
11750,2021,0.258930771,0.312887237,0.166543484,0.068982508,0.142645972,0.444690811,0.124661247,0.272727273,0.777777778,0,0,3.285714286,0,0.142371344,0.167902542,0.407971398,0.09411185,0.103473762,0.147323173,0.880364109,-0.015891033,0.136733186,0,-0.013303769,0,0,0.048961884,0.050201425,0.010845987,0.02310757,0.209561753,0.419521912,0.010756972,0.023651146,0.04483863,0.012564671,-0.564178369,0,0,0,0,0,0,0,0,0.356837607,0.33974359,0.416666667,1.002136752,0,0,0,0,0,0,0,0,0,0,0,0.151268785,0.422883487,0.554484493,0.256496228,0.225481978,0.061357298,0.003408739,0.017663465,0.1670282,0.07749535,0.061376317,0.131122133,0.091134532,0.063526495,0.137279207,0.195537651,0.129996901,0.055779362,0.030058878,0.017663465,0.191509142,0.140997831,0.060737527,0.01332507,0.158971181,0.119521912,0,0.131075697,0.209561753,0,0.513545817,0.249800797,0.205802708,0.100712736,0.052680508,0.02262163,0.163929346,0.305976096,0.00438247,0.005577689,0.207569721
11800,2011,0.216260068,0.355689771,0.180433543,0.059257743,0.041161768,0.745516203,0.132504056,0.088959701,0.754035172,0,0,2.181818182,0,0.146102168,0.080048477,0.196811734,0.097437622,0.092584743,0.129847758,0.879284113,0.050908197,0.142867584,0,0.002718782,0,0,0.066847482,0.055202965,0.05701112,0.012405992,0.245606211,0.410958626,0.006324623,0.008053907,0.015654691,0.00131552,-0.8753033,0,0,0,0,0,0,0,0,0.332049486,0.328664799,0.498366013,1.051120448,0,0,0,0,0,0,0,0,0,0,0,0.06558695,0.434858407,0.563554681,0.198207461,0.100444782,0.057933279,0.004429979,0.022836995,0.081258476,0.060645511,0.132573908,0.1373836,0.036488563,0.040864298,0.19321942,0.178247898,0.057300425,0.072995208,0.038061658,0.025693879,0.06062743,0.192134527,0.108199982,0.022330712,0.078003797,0.130972411,0,0.146155561,0.093308467,0,0.520848959,0.290020474,0.098536356,0.121978121,0.079396076,0.024518579,0.082795407,0.303885995,0.011149176,0.010176157,0.08493645
11800,2016,0.214794911,0.387460563,0.210778131,0.057605835,0.049942422,0.789989581,0.130428822,0.111811801,0.741060419,0,0,3,0,0.139147224,0.08495534,0.209566204,0.107795021,0.10331213,0.136079957,0.968560116,0.044011371,0.146619324,0,0.001960408,0,0,0.05602819,0.056447689,0.058847219,0.011705589,0.217419765,0.422267573,0.006045321,0.009706076,0.017314652,0.002522483,-0.834420926,0,0,0,0,0,0,0,0,0.328809307,0.352303832,0.456888686,0.984375,0,0,0,0,0,0,0,0,0,0,0,0.080596074,0.475261093,0.511450699,0.211344808,0.119199385,0.047957043,0.005822636,0.018743183,0.096316805,0.065977582,0.113380093,0.156923283,0.048157594,0.049937075,0.179427804,0.206846212,0.077011494,0.076063428,0.037201107,0.027502307,0.097944458,0.197348771,0.108582935,0.023491904,0.093397097,0.118037774,0,0.125584798,0.115534934,0,0.532719817,0.270730252,0.122400992,0.12442319,0.074872053,0.030103197,0.103095897,0.30224678,0.009780328,0.008990971,0.109932423
11800,2021,0.21450247,0.437816397,0.231452913,0.041861882,0.057872751,0.871760688,0.132987976,0.083888825,0.684729064,0,0,3,0,0.137705083,0.054864958,0.13327944,0.115047169,0.108647901,0.130030694,0.986017997,0.033805681,0.134359248,0,0.004164603,0,0,0.048936696,0.054106608,0.059261088,0.011793265,0.205220026,0.424075477,0.004872254,0.010360721,0.019731078,0.003669422,-0.828108534,0,0,0,0,0,0,0,0,0.307475465,0.341094174,0.485800793,0.940175402,0,0,0,0,0,0,0,0,0,0,0,0.0626849,0.518008085,0.458581404,0.225192944,0.086438809,0.040078397,0.008055804,0.015231952,0.072579401,0.06244309,0.097306891,0.175353036,0.03767266,0.069739807,0.159696287,0.24505386,0.060017284,0.083567394,0.045479799,0.024383469,0.076854224,0.15108491,0.085064354,0.013611531,0.068968178,0.099321672,0,0.112216789,0.079505544,0,0.516200675,0.251153502,0.083405073,0.130791074,0.075881972,0.036173956,0.071823204,0.283916397,0.010226568,0.009451828,0.077542869
12000,2011,0.182483533,0.276100629,0.202732374,0.057087094,0.025859966,0.330812393,0.159795072,0.050012198,0.767716535,0,0,2.363636364,0,0.181268882,0.027950311,0.068322981,0.107587216,0.105879483,0.112627986,1.100930565,0.02991725,0.125396438,0,-0.001707734,0,0,0.048098082,0.06381641,0.03646652,0.009594883,0.303482587,0.347547974,0.005685856,0.003171505,0.011222249,0.000731886,-0.901195414,0,0,0,0,0,0,0,0,0.26183432,0.390532544,0.486686391,1.103550296,0,0,0,0,0,0,0,0,0,0,0,0.071236887,0.344378698,0.682840237,0.176331361,0.110059172,0.073561773,0.0009431,0.030179189,0.087708268,0.069789374,0.139578749,0.135491984,0.040867652,0.034580321,0.209368123,0.170072304,0.062244577,0.068531908,0.041182018,0.020748192,0.065073876,0.32631248,0.177617102,0.033322854,0.084250236,0.173773987,0,0.169154229,0.108386638,0,0.482587065,0.3148543,0.114158382,0.140836215,0.090537567,0.028921723,0.0902232,0.343994314,0.011371713,0.011371713,0.089552239
12000,2016,0.188412514,0.291375291,0.234994206,0.060486674,0.03174971,0.308690614,0.145075319,0.09571263,0.739669421,0,0,3.125,0,0.166650741,0.032790927,0.074704142,0.117960603,0.111471611,0.126713752,1.179265659,0.039498433,0.128852839,0,0.001390498,0,0,0.044884873,0.066452929,0.038181288,0.01703163,0.257212374,0.361140076,0.006951686,0.005098494,0.012977984,0.002549247,-0.831517961,0,0,0,0,0,0,0,0,0.300500835,0.318864775,0.560934891,1.133555927,0,0,0,0,0,0,0,0,0,0,0,0.116338355,0.378544061,0.622988506,0.187356322,0.174712644,0.056834742,0.002040222,0.014864471,0.132614398,0.075196736,0.10871466,0.164675022,0.06761877,0.044301953,0.183911396,0.208394054,0.105654328,0.068493151,0.035266686,0.023899738,0.139900904,0.312736811,0.17604197,0.039055669,0.135529,0.142509559,0,0.145637817,0.176572819,0,0.478623566,0.30552659,0.185185185,0.12124745,0.072573594,0.030020402,0.142815506,0.325686479,0.006951686,0.009384776,0.164754953
12000,2021,0.207753706,0.331439932,0.236031927,0.043329532,0.055644242,0.345952109,0.149828962,0.063625998,0.683333333,0,0,3.125,0,0.155699722,0.02693041,0.061487131,0.107867731,0.11972634,0.115276098,1.135628953,0.04234122,0.136145952,0,-0.007069555,0,0,0.042589438,0.062464509,0.038898353,0.008525418,0.231765077,0.373855384,0.001263025,0.009806157,0.020980616,0.002736602,-0.832155074,0,0,0,0,0,0,0,0,0.28852459,0.373770492,0.501639344,1.140983607,0,0,0,0,0,0,0,0,0,0,0,0.064766249,0.398211829,0.584938102,0.19394773,0.09215956,0.049971607,0.003407155,0.014764338,0.077228847,0.072665342,0.100766392,0.181663355,0.0422935,0.070698467,0.174900625,0.252697331,0.063458262,0.091993186,0.050823396,0.025837592,0.076377058,0.257524134,0.139693356,0.031232254,0.068994889,0.11998737,0,0.133249132,0.076413009,0,0.48405431,0.282917588,0.078740157,0.149630892,0.092277115,0.033787621,0.075809199,0.305967793,0.011051468,0.009472687,0.076097253
12150,2011,0.220099256,0.268854528,0.171960298,0.067741935,0.292059553,0.178411911,0.141191067,0.076674938,0.759541985,0,0,2.181818182,0,0.15932034,0.065211605,0.15264839,0.091066998,0.100992556,0.143319838,0.951557093,0.01019796,0.133713719,0,-0.004961548,0,0,0.040365815,0.062125512,0.027120782,0.018982808,0.211676218,0.43982808,-0.000716332,0.048635236,0.10248139,0.016377171,-0.353598015,0,0,0,0,0,0,0,0,0.312638581,0.385809313,0.432372506,1.124168514,0,0,0,0,0,0,0,0,0,0,0,0.09253287,0.356083086,0.714285714,0.187367529,0.144552777,0.105960265,0.005676443,0.052980132,0.107537055,0.067801955,0.146956796,0.124881741,0.057395143,0.036896878,0.214758751,0.161778619,0.077262693,0.081993062,0.036896878,0.03500473,0.079470199,0.242194891,0.129927468,0.021759697,0.09902239,0.127507163,0,0.142191977,0.116045845,0,0.460601719,0.25752149,0.117975567,0.122674235,0.076947335,0.01829076,0.098076317,0.266475645,0.006446991,0.005372493,0.102077364
12150,2016,0.218478816,0.277208707,0.199846861,0.06431853,0.301174068,0.184532925,0.123532414,0.181980602,0.785185185,0,0,3.428571429,0,0.154314721,0.073609597,0.179798255,0.103624298,0.114344053,0.151296218,1.004354136,0.04109589,0.137570189,0,-0.009188361,0,0,0.039692702,0.066261204,0.032330346,0.014711892,0.189211279,0.465876584,-0.006538619,0.047217968,0.108473711,0.021949974,-0.248851455,0,0,0,0,0,0,0,0,0.347480106,0.339522546,0.429708223,1.066312997,0,0,0,0,0,0,0,0,0,0,0,0.170239918,0.397285915,0.647636874,0.194665419,0.282639214,0.085787452,0.008962868,0.025288092,0.191741357,0.062119757,0.123919308,0.120717259,0.097662504,0.04865557,0.185979513,0.171574904,0.146446863,0.089308579,0.040653009,0.033290653,0.21190781,0.205825864,0.115236876,0.017285531,0.180537772,0.130363711,0,0.140580302,0.249693502,0,0.470371884,0.264814058,0.252742947,0.135083227,0.080985915,0.024327785,0.190140845,0.271352677,0.005721291,0.004903964,0.238250919
12150,2021,0.228027867,0.316780822,0.195337621,0.049303323,0.339496249,0.221864952,0.121650589,0.190782422,0.818770227,0,0,3,0,0.163358383,0.087042254,0.207746479,0.101554126,0.125669882,0.142661805,1.039938556,0.084353741,0.137191854,0,-0.007770632,0,0,0.033950617,0.062757202,0.037037037,0.016054077,0.166032953,0.479932404,0,0.051446945,0.107449089,0.030546624,-0.183279743,0,0,0,0,0,0,0,0,0.426020408,0.293367347,0.397959184,1.079081633,0,0,0,0,0,0,0,0,0,0,0,0.138799571,0.429238674,0.583839327,0.211583372,0.215319944,0.070644719,0.007201646,0.025720165,0.15877915,0.074785592,0.090909091,0.158833619,0.083361921,0.058641975,0.169067215,0.219135802,0.130658436,0.089506173,0.049382716,0.028463649,0.19478738,0.17558299,0.091563786,0.016803841,0.145061728,0.10139417,0,0.117025771,0.182509506,0,0.465990706,0.218419941,0.179853181,0.110082305,0.074074074,0.020233196,0.149862826,0.2834812,0.006759611,0.008027038,0.179552176
12350,2011,0.194039681,0.254979675,0.217584589,0.052605582,0.065365934,0.411871244,0.134024862,0.080349057,0.718983558,0,0,2.090909091,0,0.148904868,0.051172893,0.125847089,0.107845559,0.105128838,0.116838011,1.051033109,-0.005940594,0.151490203,0,-0.000246995,0,0,0.051540104,0.075836129,0.047372166,0.014783406,0.236190694,0.392046757,0.004927802,0.013171977,0.021898411,0.004033918,-0.815016053,0,0,0,0,0,0,0,0,0.294303797,0.350632911,0.529746835,1.124683544,0,0,0,0,0,0,0,0,0,0,0,0.087600856,0.33172173,0.726564598,0.150416331,0.132822992,0.093626106,0.003456338,0.038731321,0.100538782,0.060994206,0.149435804,0.114465792,0.050625191,0.027854021,0.210430009,0.142319813,0.072583105,0.081732235,0.042797601,0.029073905,0.081833892,0.219375826,0.121886754,0.021347972,0.101352038,0.148636259,0,0.140499656,0.121819849,0,0.443272977,0.304492322,0.12284578,0.123513266,0.078987496,0.024905967,0.106028261,0.280884712,0.011001604,0.009626404,0.109213844
12350,2016,0.197833066,0.28453468,0.248956661,0.056741573,0.078972713,0.411958266,0.120064205,0.096789727,0.736762481,0,0,3.285714286,0,0.135927032,0.054180488,0.132304159,0.118619583,0.11717496,0.143534002,1.116850552,0.023025608,0.145184591,0,-0.002327448,0,0,0.052059052,0.06993007,0.042249417,0.017456921,0.20373916,0.40770357,0.003491384,0.014686998,0.025441413,0.006500803,-0.763964687,0,0,0,0,0,0,0,0,0.317829457,0.326990839,0.489781536,1.090204369,0,0,0,0,0,0,0,0,0,0,0,0.095104334,0.363201611,0.670148502,0.153788069,0.140699723,0.078962704,0.003787879,0.027097902,0.108974359,0.06406523,0.135313531,0.140846438,0.053678897,0.039432789,0.199592075,0.180944056,0.085567211,0.086247086,0.045940171,0.028554779,0.106060606,0.22503885,0.124708625,0.022338772,0.106934732,0.140894245,0,0.127829711,0.137740737,0,0.47043586,0.293388895,0.139497423,0.126845377,0.076340326,0.032342657,0.117618493,0.268949206,0.009235274,0.008334272,0.123324699
12350,2021,0.208346432,0.32434223,0.266032694,0.042046526,0.088494184,0.477365608,0.117651682,0.098082364,0.717836257,0,0,3.285714286,0,0.13212273,0.048572366,0.115974729,0.125353662,0.123703238,0.144046628,1.143909627,0.010834927,0.138006916,0,0.002907891,0,0,0.044684275,0.068067784,0.041276153,0.017849462,0.178924731,0.42172043,0.005591398,0.015089594,0.032536938,0.006837472,-0.747406476,0,0,0,0,0,0,0,0,0.337358491,0.324528302,0.510943396,1.081509434,0,0,0,0,0,0,0,0,0,0,0,0.084014461,0.398354877,0.60693302,0.165217391,0.119036428,0.057654076,0.002840102,0.015431222,0.095711446,0.064659661,0.119946985,0.169648774,0.053015242,0.057654076,0.184795986,0.227208179,0.073369308,0.096658146,0.052636562,0.028685033,0.097699517,0.180157152,0.099308908,0.017040613,0.08861119,0.116666667,0,0.110107527,0.102903226,0,0.472258065,0.262473118,0.102873031,0.134904857,0.074505349,0.040518792,0.091451292,0.255591398,0.007204301,0.007204301,0.098494624
12700,2011,0.196561673,0.297573247,0.176364511,0.051695119,0.031978841,0.382664102,0.133926425,0.051574898,0.701646091,0,0,2.272727273,0,0.149499878,0.039168462,0.092977564,0.088482808,0.105674441,0.10600907,0.878303426,0.027753433,0.154743297,0,-0.009618853,0,0,0.057092146,0.047773998,0.026031652,0.008662962,0.282445244,0.353873815,0.006701536,0.004929662,0.011662859,0.001803535,-0.896958038,0,0,0,0,0,0,0,0,0.319931565,0.326775021,0.517536356,1.129170231,0,0,0,0,0,0,0,0,0,0,0,0.06264278,0.360798548,0.662794918,0.147549909,0.080580762,0.070551694,0.003106049,0.02307351,0.065670759,0.075580535,0.129418725,0.14095548,0.034462358,0.037864221,0.20499926,0.178819701,0.050362372,0.072622393,0.036680964,0.026179559,0.056796332,0.248483952,0.145984322,0.024848395,0.067889365,0.161327231,0,0.163942465,0.080091533,0,0.493135011,0.324125531,0.081635901,0.140363852,0.095252182,0.02307351,0.069516344,0.311049363,0.011932004,0.010951291,0.070774763
12700,2016,0.194428969,0.317883511,0.200111421,0.052367688,0.050584958,0.381727019,0.135821727,0.072869081,0.703933747,0,0,3.125,0,0.147330317,0.039736656,0.094462732,0.099052925,0.110417827,0.11169253,0.967099019,0.019886364,0.16189415,0,-0.007799443,0,0,0.048940533,0.048393712,0.031305537,0.007609877,0.251125951,0.361857431,0.005280323,0.009247911,0.018718663,0.004233983,-0.827855153,0,0,0,0,0,0,0,0,0.304495335,0.371501272,0.498727735,1.143341815,0,0,0,0,0,0,0,0,0,0,0,0.083899721,0.389959432,0.605983773,0.16954023,0.114773496,0.053861928,0.00177717,0.016541353,0.092959672,0.078670133,0.101792311,0.156108907,0.048159803,0.042925496,0.181134655,0.200546822,0.076418319,0.07012987,0.034313055,0.023923445,0.092549556,0.252084757,0.147915243,0.021599453,0.097881066,0.153905886,0,0.145208883,0.124398198,0,0.506134493,0.315111042,0.127984285,0.13520164,0.089678742,0.025700615,0.111961722,0.325050474,0.008697003,0.007454574,0.111818605
12700,2021,0.186877686,0.374405145,0.219683471,0.035426056,0.072319463,0.443140132,0.142228278,0.056912273,0.656188605,0,0,3.125,0,0.144611529,0.03975668,0.097653704,0.107640709,0.11675925,0.110290237,1.056621287,0.020149048,0.160360549,0,-0.003982811,0,0,0.04556571,0.045050843,0.028188956,0.01115138,0.229579035,0.348480624,0.010454419,0.011843622,0.025259407,0.005554973,-0.810816476,0,0,0,0,0,0,0,0,0.300445104,0.347181009,0.470326409,1.087537092,0,0,0,0,0,0,0,0,0,0,0,0.044334975,0.428001772,0.547038842,0.18018018,0.061733865,0.039902175,0.002059467,0.010426052,0.053932295,0.074102663,0.09288563,0.168274797,0.029075003,0.062427597,0.16707427,0.230274167,0.045758785,0.071823916,0.035911958,0.022525422,0.056892779,0.195134509,0.116488609,0.013000386,0.052645128,0.137580151,0,0.144689155,0.058684137,0,0.488430443,0.316699192,0.059391139,0.143905265,0.089715536,0.033466341,0.054962029,0.306802342,0.009060496,0.00808475,0.056732646
12750,2011,0.156878655,0.32624351,0.258498643,0.074200498,0.050782015,0.774432724,0.113371198,0.088329929,0.752883031,0,0,2.090909091,0,0.129073157,0.067909816,0.16592118,0.118099661,0.123387706,0.090274072,1.139804256,0.032452707,0.176133184,0,-0.002686066,0,0,0.059379082,0.071033859,0.051475267,0.010452827,0.188575175,0.376803209,0.004744272,0.008030443,0.019166737,0.002574219,-0.845378998,0,0,0,0,0,0,0,0,0.320297439,0.324979345,0.522445607,1.116496833,0,0,0,0,0,0,0,0,0,0,0,0.074202574,0.405062758,0.606857047,0.135498273,0.114564906,0.071569711,0.002913694,0.027562879,0.091094812,0.051877156,0.14759369,0.119762886,0.042265314,0.031447805,0.199470846,0.15121069,0.064637128,0.083257979,0.046920526,0.029840249,0.070732442,0.218594059,0.140091765,0.01537225,0.092434442,0.15301242,0,0.127979634,0.11147111,0,0.48538147,0.332484764,0.114466292,0.130278978,0.083057035,0.032318564,0.095783516,0.259932114,0.009527116,0.008948546,0.10298542
12750,2016,0.152879244,0.363001253,0.305624194,0.075257843,0.05589278,0.764772239,0.101794156,0.104533734,0.751017639,0,0,3.142857143,0,0.111570315,0.069538444,0.170404043,0.134105071,0.137408681,0.099464199,1.304734281,0.023966597,0.181940266,0,-0.002363558,0,0,0.050792756,0.072006016,0.050792756,0.009194978,0.154246677,0.392097489,0.005022157,0.009427374,0.020117104,0.003411044,-0.815481306,0,0,0,0,0,0,0,0,0.297418968,0.352040816,0.5015006,1.084633854,0,0,0,0,0,0,0,0,0,0,0,0.093844005,0.449009108,0.542039636,0.135988743,0.134855177,0.054584195,0.002412734,0.018111174,0.108259698,0.055362346,0.135194411,0.142682583,0.055299684,0.043053205,0.190543335,0.185843204,0.086137745,0.090336529,0.052484803,0.02998684,0.098640095,0.214451338,0.139092561,0.014382403,0.105282948,0.137850812,0,0.106351551,0.135487445,0,0.494793205,0.320420975,0.141176057,0.133734411,0.077238829,0.041768503,0.113241837,0.236078287,0.007237814,0.0066839,0.124667651
12750,2021,0.157958269,0.411477097,0.328160028,0.05205331,0.06074939,0.805237356,0.099401375,0.113517109,0.709951456,0,0,3.142857143,0,0.106862079,0.070951478,0.173207371,0.146453822,0.148104353,0.102091702,1.387397595,0.026264516,0.17062055,0,-0.000468061,0,0,0.042548324,0.068226009,0.055415761,0.008839128,0.142277221,0.389707327,0.004943364,0.009484394,0.020077353,0.005173306,-0.807011061,0,0,0,0,0,0,0,0,0.316935256,0.323155216,0.515125813,1.06870229,0,0,0,0,0,0,0,0,0,0,0,0.078018378,0.489096254,0.481302981,0.148584906,0.107123325,0.041375958,0.002888025,0.011123184,0.089471577,0.059254175,0.113360787,0.164321666,0.044783802,0.061391971,0.172480842,0.225609059,0.069770102,0.08975752,0.056559533,0.024533913,0.08895688,0.174425254,0.113547981,0.009264555,0.082351596,0.123060302,0,0.094807831,0.094120343,0,0.504026714,0.297944084,0.094963176,0.134107286,0.073830493,0.046379961,0.084067254,0.222025797,0.007529627,0.006612977,0.091992405
12850,2011,0.283464525,0.439779863,0.120080313,0.023028663,0.007040678,2.195472024,0.127360651,0.035277952,0.815485331,0,0,2.666666667,0,0.160743312,0.020878761,0.049482119,0.077633863,0.077287688,0.172724696,0.708696662,0.027270338,0.113620144,0,0.000782889,0,0,0.061632798,0.042735729,0.057507004,0.002530856,0.296251923,0.477069879,0.00138949,0.00149121,0.002401913,0.000346174,-0.940378235,0,0,0,0,0,0,0,0,0.338348893,0.327548966,0.366758191,0.179022515,0,0,0,0,0,0,0,0,0,0,0,0.075471598,0.620030677,0.568410492,0.309595701,0.116929221,0.108206784,0.06343825,0.063705725,0.081051442,0.119032812,0.113476031,0.134118371,0.038161916,0.032096933,0.232508843,0.166215304,0.055243502,0.088132828,0.046968512,0.034611192,0.066286853,0.073060643,0.029495744,0.016603476,0.086815516,0.089863107,0,0.106090359,0.094116646,0,0.390666317,0.177500195,0.095329655,0.117147118,0.071863695,0.014864892,0.090072017,0.251802437,0.003615508,0.003090905,0.081214244
12850,2016,0.284653727,0.482453196,0.138011337,0.028342647,0.007459121,2.32417248,0.127282878,0.0434319,0.816377171,0,0,3,0,0.150309393,0.025618727,0.061678547,0.0818089,0.080777801,0.182231749,0.736544232,0.020559638,0.125447019,0,0.001021039,0,0,0.059609647,0.042901542,0.055376678,0.003138971,0.256813375,0.495937408,0.001827162,0.001488806,0.002494756,0.000513035,-0.943566194,0,0,0,0,0,0,0,0,0.334931609,0.334968778,0.353999405,0.156965507,0,0,0,0,0,0,0,0,0,0,0,0.06120704,0.661962652,0.515054875,0.309674224,0.092484293,0.101137494,0.065228742,0.054947787,0.066161114,0.142432681,0.126258733,0.149549964,0.035182376,0.041826206,0.268722029,0.191415962,0.053543013,0.105115614,0.057272501,0.039936599,0.065962208,0.088998011,0.034951517,0.02335281,0.063600199,0.088446711,0,0.098452601,0.075489251,0,0.398328113,0.177817043,0.076047243,0.125857782,0.076442069,0.01788911,0.073427399,0.246780714,0.003968891,0.002911413,0.069130993
12850,2021,0.269442379,0.496449262,0.167751529,0.021379062,0.007315026,2.348684495,0.126902506,0.053229404,0.763458702,0,0,3.2,0,0.141439192,0.016689458,0.038424966,0.090562418,0.087214294,0.172422652,0.801695065,0.019183043,0.13404485,0,0.003914138,0,0,0.055253814,0.046843974,0.056042236,0.003058411,0.228570711,0.505234468,0.000998537,0.001290323,0.002312028,0.000628373,-0.935335172,0,0,0,0,0,0,0,0,0.307383299,0.339371397,0.377682723,0.152166636,0,0,0,0,0,0,0,0,0,0,0,0.064880681,0.69243402,0.499983412,0.303452051,0.100832739,0.0941026,0.07898825,0.049466209,0.070963861,0.143153321,0.129055242,0.151615673,0.038918641,0.049664774,0.272192632,0.201357255,0.058518467,0.112627608,0.065421543,0.038171327,0.08076366,0.053980657,0.0231913,0.012054103,0.071343472,0.088392481,0,0.089441259,0.080473269,0,0.329253358,0.174593206,0.08422892,0.115284883,0.070117037,0.019219987,0.076815708,0.200617962,0.002072435,0.001488385,0.077797944
12900,2011,0.213195202,0.288674033,0.194874591,0.062377317,0.096292257,0.278844057,0.142966194,0.07044711,0.759873618,0,0,2.181818182,0,0.16623262,0.053966039,0.129332403,0.106652126,0.10523446,0.136155397,1.025965801,0.020746888,0.133696838,0,-0.000436205,0,0,0.050835751,0.073076392,0.054151126,0.016859195,0.256634405,0.394630034,0.00468311,0.018211559,0.037622683,0.005125409,-0.773173391,0,0,0,0,0,0,0,0,0.363203807,0.310071372,0.463917526,1.103885805,0,0,0,0,0,0,0,0,0,0,0,0.065430752,0.364214993,0.676803395,0.184936351,0.101838755,0.084956486,0.005111203,0.036469126,0.079569001,0.06824147,0.148777455,0.127365658,0.037574251,0.036330985,0.217018925,0.163696643,0.055256251,0.075010361,0.041165907,0.022240641,0.051664595,0.250034535,0.137311783,0.027489985,0.080812267,0.14314705,0,0.150640025,0.09615985,0,0.481735873,0.291133313,0.09959319,0.118248377,0.077496892,0.021411797,0.086199751,0.300031221,0.007336872,0.005931939,0.085076491
12900,2016,0.220402629,0.319764398,0.217586315,0.060498592,0.110775008,0.284030458,0.141754459,0.127985814,0.72133758,0,0,3,0,0.156512714,0.069264069,0.167277167,0.112131011,0.111818087,0.145641581,1.078522657,-0.007065217,0.127255659,0,-0.004798164,0,0,0.047537978,0.066526977,0.038501833,0.016276546,0.232367075,0.400403038,0.001705162,0.022947742,0.036090539,0.007823094,-0.690101179,0,0,0,0,0,0,0,0,0.34148265,0.353312303,0.42192429,1.072555205,0,0,0,0,0,0,0,0,0,0,0,0.098779597,0.411905576,0.595620937,0.205097503,0.153267191,0.067050812,0.003143007,0.022917758,0.116684128,0.072420115,0.109612362,0.154531168,0.063514929,0.048192771,0.182163436,0.202462022,0.092260346,0.069669984,0.039942378,0.020298586,0.118124673,0.251047669,0.128601362,0.027894185,0.114195914,0.132072547,0,0.133467679,0.147419005,0,0.500542552,0.276856301,0.149739001,0.12022001,0.072289157,0.027108434,0.124672603,0.303828864,0.009610913,0.009455898,0.135947915
12900,2021,0.217190686,0.364038024,0.231569911,0.050327288,0.132632257,0.292735272,0.145509175,0.111492649,0.686131387,0,0,3.428571429,0,0.153315706,0.068708329,0.165894451,0.111278034,0.11739457,0.145203927,1.113502935,0.020557589,0.130808027,0,-0.003755768,0,0,0.045387602,0.062391217,0.038157719,0.017435581,0.206295325,0.409350409,0.004166024,0.022963837,0.046678828,0.01051615,-0.656293594,0,0,0,0,0,0,0,0,0.304630382,0.331437855,0.491470349,1.081234768,0,0,0,0,0,0,0,0,0,0,0,0.086382659,0.44843646,0.540918164,0.210578842,0.125249501,0.054224126,0.004016602,0.015530861,0.100682822,0.066273932,0.090775204,0.171910564,0.052885259,0.067478913,0.158388004,0.23965725,0.078993172,0.076315437,0.044048735,0.018074709,0.102289463,0.185433124,0.09505958,0.016200295,0.090105771,0.115722882,0,0.12621509,0.107236538,0,0.495139639,0.261688011,0.107169254,0.126255188,0.075512117,0.030793948,0.094524033,0.293473229,0.012498071,0.011572288,0.105847863
12950,2011,0.198031136,0.262585812,0.206272894,0.068681319,0.122252747,0.271978022,0.133699634,0.092948718,0.767123288,0,0,2.181818182,0,0.155550448,0.070093458,0.166748647,0.110119048,0.105998168,0.118735544,0.999344692,0.046620047,0.134584573,0,0.002746624,0,0,0.046897341,0.071489848,0.046897341,0.017976032,0.262316911,0.379826897,0.014314248,0.019922143,0.045569041,0.006182734,-0.704144722,0,0,0,0,0,0,0,0,0.359633028,0.313761468,0.478899083,1.091743119,0,0,0,0,0,0,0,0,0,0,0,0.077592126,0.343040847,0.729576399,0.172465961,0.128214826,0.097226194,0.005433228,0.036888762,0.096940234,0.068630255,0.148698885,0.127823849,0.049470975,0.032599371,0.217329139,0.16042322,0.078209894,0.075207321,0.037460681,0.030025736,0.075779239,0.289104947,0.160709179,0.030025736,0.096368316,0.173435419,0,0.163115846,0.119174434,0,0.454061252,0.327896138,0.124118024,0.125822133,0.080640549,0.025450386,0.103231341,0.304926764,0.008988016,0.007656458,0.106857523
12950,2016,0.202785647,0.273730044,0.235835694,0.073418319,0.140934844,0.266525024,0.130783758,0.098205855,0.668,0,0,3,0,0.146813608,0.062133944,0.152024446,0.114022663,0.120396601,0.133225676,1.085592011,0.008181246,0.142587347,0,0.003777148,0,0,0.039534884,0.064825581,0.044476744,0.009661836,0.212560386,0.405797101,0.004485852,0.025023607,0.04815864,0.010859301,-0.644948064,0,0,0,0,0,0,0,0,0.320564516,0.393145161,0.423387097,1.060483871,0,0,0,0,0,0,0,0,0,0,0,0.097733711,0.359092657,0.694732795,0.176086121,0.147251057,0.093895349,0.002616279,0.029360465,0.1125,0.06744186,0.123255814,0.141860465,0.060755814,0.043604651,0.190406977,0.184883721,0.094767442,0.089825581,0.051162791,0.031976744,0.107267442,0.267732558,0.150872093,0.018604651,0.107848837,0.141821946,0,0.136300897,0.139751553,0,0.472049689,0.2915804,0.143469657,0.125581395,0.072383721,0.03255814,0.122674419,0.300207039,0.006901311,0.005175983,0.130089717
12950,2021,0.191618161,0.304548071,0.241443539,0.04749709,0.144586729,0.248894063,0.130384168,0.150873108,0.69379845,0,0,3.285714286,0,0.14726185,0.062286273,0.144846116,0.11757858,0.121536671,0.114344262,1.10466761,0.011435832,0.151804424,0,-0.009080326,0,0,0.03485023,0.0625,0.037154378,0.014118457,0.194214876,0.406680441,0.005165289,0.020954598,0.045168801,0.016298021,-0.597438882,0,0,0,0,0,0,0,0,0.34375,0.325,0.45625,1.08125,0,0,0,0,0,0,0,0,0,0,0,0.116414435,0.395043184,0.61885092,0.179121292,0.173488547,0.063652074,0.002880184,0.015264977,0.133640553,0.06618705,0.100143885,0.156546763,0.070503597,0.063652074,0.168490783,0.221486175,0.107286866,0.088133641,0.045218894,0.029953917,0.146601382,0.21514977,0.117511521,0.01468894,0.121831797,0.128099174,0,0.121556474,0.149449036,0,0.469352617,0.283057851,0.149357072,0.131624424,0.078052995,0.033986175,0.125864055,0.304063361,0.011707989,0.009641873,0.150482094
13010,2011,0.193507394,0.273124647,0.220309612,0.065157116,0.056377079,0.385050832,0.12245841,0.077980591,0.771543086,0,0,2.090909091,0,0.143054418,0.055850735,0.134437168,0.11055915,0.110097043,0.116682739,0.999663866,-0.012567325,0.152033272,0,-0.001155268,0,0,0.062341326,0.070944993,0.05796897,0.016731644,0.221734893,0.398148148,0.002761533,0.011899261,0.018253235,0.002772643,-0.847042514,0,0,0,0,0,0,0,0,0.332364341,0.348837209,0.462209302,1.105620155,0,0,0,0,0,0,0,0,0,0,0,0.079251386,0.353572751,0.7160311,0.151425398,0.124028138,0.09887165,0.005218618,0.037376587,0.094499295,0.051622003,0.151339915,0.110155148,0.055007052,0.031029619,0.202961918,0.141184767,0.063469676,0.086036671,0.046403385,0.032722144,0.074188999,0.250352609,0.149929478,0.021720733,0.098730606,0.155945419,0,0.144736842,0.118583496,0,0.467024042,0.315627031,0.118237416,0.132299013,0.087447109,0.023554302,0.103244006,0.276803119,0.010558804,0.009096816,0.109974009
13010,2016,0.188660027,0.288718929,0.258261657,0.06960163,0.060434586,0.402784065,0.113399728,0.127772748,0.804395604,0,0,3.142857143,0,0.133333333,0.060805059,0.147756293,0.126754187,0.118605704,0.123733863,1.147342133,-0.011537262,0.1556134,0,0.002376641,0,0,0.049166894,0.072930893,0.051761814,0.017118165,0.185308293,0.415988034,0.003988699,0.009393391,0.020597555,0.004300589,-0.785083748,0,0,0,0,0,0,0,0,0.316079295,0.345814978,0.501101322,1.105726872,0,0,0,0,0,0,0,0,0,0,0,0.130602082,0.389735961,0.656935664,0.161584232,0.197285236,0.083310571,0.003687517,0.026495493,0.144632614,0.058414085,0.128838542,0.126245394,0.081206497,0.033597378,0.188609669,0.159519257,0.105094237,0.082081399,0.042884458,0.032641355,0.145042338,0.254028954,0.14162797,0.024037148,0.140398798,0.146750873,0,0.128469337,0.187468838,0,0.483962107,0.305467841,0.192503177,0.127287626,0.073340617,0.032914504,0.155558591,0.267741399,0.009805551,0.008475985,0.177663287
13010,2021,0.190012317,0.328533686,0.283618856,0.049714478,0.075803381,0.433546075,0.104019707,0.125853768,0.74025974,0,0,3,0,0.119770709,0.048432713,0.114364836,0.126301646,0.128653006,0.119777159,1.185507246,-0.000319387,0.158548875,0,-0.001343635,0,0,0.045749041,0.070078011,0.04865794,0.014855356,0.157466771,0.436591087,0.003127443,0.011980741,0.023177696,0.005486508,-0.756242302,0,0,0,0,0,0,0,0,0.286069652,0.335820896,0.544776119,1.114427861,0,0,0,0,0,0,0,0,0,0,0,0.120031351,0.420890411,0.595719178,0.160273973,0.164212329,0.062409097,0.004231125,0.016792278,0.127065979,0.063227513,0.13452381,0.147354497,0.073544974,0.050376835,0.197540658,0.198201772,0.098241439,0.094539204,0.051831284,0.034642338,0.132222663,0.193045088,0.113843713,0.013090044,0.124157081,0.126505082,0,0.105551212,0.147771697,0,0.479124316,0.28522283,0.151388474,0.129710432,0.07695359,0.03424567,0.126801534,0.223612197,0.005316654,0.004534793,0.14511337
13310,2011,0.228921801,0.307854673,0.174629744,0.052217896,0.028383247,0.521196463,0.13070849,0.100433026,0.748222749,0,0,2.181818182,0,0.146341111,0.061432137,0.150585525,0.094756377,0.094538044,0.13795867,0.829119939,-0.019213175,0.132637095,0,0.001892216,0,0,0.063193353,0.059061307,0.049943858,0.01670017,0.253079738,0.41291686,0.004845111,0.005458317,0.008769695,0.001382774,-0.903897238,0,0,0,0,0,0,0,0,0.334839074,0.311123659,0.511010728,1.089779785,0,0,0,0,0,0,0,0,0,0,0,0.081911139,0.391565222,0.639358449,0.186580511,0.13102175,0.072535369,0.005120144,0.029238715,0.101998653,0.059690097,0.130833146,0.155984729,0.058297777,0.045227936,0.190523243,0.201212666,0.059869751,0.074421738,0.0388053,0.026229508,0.079182574,0.175656861,0.098989445,0.018818774,0.101235122,0.130611824,0,0.150404618,0.119066028,0,0.505283233,0.284882223,0.122035425,0.12517404,0.080170671,0.023759263,0.104019762,0.316633163,0.010566466,0.00979331,0.110303593
13310,2016,0.235637813,0.351227563,0.194130163,0.05390253,0.040021615,0.581647472,0.125772569,0.115167686,0.758323766,0,0,3,0,0.140195089,0.061188062,0.150685421,0.101421865,0.101860921,0.144555526,0.869514388,-0.03310431,0.133337836,0,-0.000472829,0,0,0.050705504,0.058461919,0.050581731,0.01459111,0.239614135,0.420718406,0.003781085,0.006788476,0.013543179,0.002026411,-0.857577088,0,0,0,0,0,0,0,0,0.331217223,0.348054099,0.459839912,1.045266354,0,0,0,0,0,0,0,0,0,0,0,0.097402817,0.446404917,0.555820484,0.212419859,0.159116198,0.053304728,0.005322221,0.018565888,0.123772588,0.069725225,0.093778365,0.161440713,0.072695767,0.054336166,0.163916165,0.215776879,0.087651621,0.078719366,0.043155376,0.024672003,0.109910059,0.183843551,0.099554419,0.022526611,0.116923839,0.116292598,0,0.132095594,0.148965049,0,0.524601289,0.261573513,0.155426592,0.123896361,0.075955112,0.025992244,0.126124268,0.312133404,0.009937467,0.009016433,0.139076058
13310,2021,0.236171341,0.398386053,0.208716813,0.037843572,0.050510093,0.660281409,0.129317069,0.11399869,0.708583926,0,0,3.428571429,0,0.139928545,0.052897869,0.128985178,0.108663776,0.105450348,0.144920878,0.912433438,-0.02161362,0.133497645,0,0.004024584,0,0,0.045873306,0.055961626,0.045035785,0.016470074,0.218960245,0.422761031,0.003232853,0.009234705,0.017034287,0.002932643,-0.839858984,0,0,0,0,0,0,0,0,0.337778918,0.329828161,0.465760451,1.018466273,0,0,0,0,0,0,0,0,0,0,0,0.078463794,0.482616163,0.504340157,0.228937474,0.115675625,0.046177859,0.004568296,0.013933303,0.094830212,0.072287781,0.080129425,0.174990483,0.055272174,0.069247754,0.152276534,0.244479976,0.065802497,0.088130044,0.047243795,0.024935282,0.097190498,0.138152886,0.077128065,0.013666819,0.085960104,0.103975535,0,0.119702927,0.101660114,0,0.515072084,0.247837484,0.101665612,0.133165829,0.078308208,0.031483173,0.087787422,0.293883792,0.009217999,0.008082132,0.097728266
13340,2011,0.193988793,0.306826998,0.175140092,0.052165053,0.020478859,0.401222618,0.151502802,0.061130922,0.748792271,0,0,2.272727273,0,0.167937984,0.04021073,0.094882271,0.090881304,0.101069791,0.104564315,0.962258715,0.029955718,0.150555159,0,-0.010084547,0,0,0.046788161,0.05661109,0.025849813,0.008373033,0.304027718,0.353688465,0.003320341,0.002852486,0.009270579,0.000814996,-0.912897311,0,0,0,0,0,0,0,0,0.310913706,0.340736041,0.512055838,1.128807107,0,0,0,0,0,0,0,0,0,0,0,0.064174391,0.380146461,0.600162734,0.186167616,0.097803092,0.069277498,0.002584981,0.023652579,0.077678687,0.076256947,0.127827323,0.159751842,0.039550213,0.034638749,0.20408427,0.194390591,0.059583818,0.066304769,0.032312266,0.023135582,0.063719788,0.327387876,0.184179915,0.034121753,0.078841928,0.160531255,0,0.164862134,0.094413166,0,0.488090082,0.316875992,0.096887269,0.12550084,0.08414114,0.022618586,0.082073155,0.335643136,0.012848275,0.011549011,0.084307781
13340,2016,0.189643513,0.336578753,0.19882137,0.061153512,0.032750459,0.419283161,0.160467588,0.076514346,0.711323764,0,0,3.125,0,0.170672936,0.049886855,0.121065624,0.099700512,0.113515602,0.104846686,1.130153121,0.038481813,0.15235243,0,-0.008598203,0,0,0.040783637,0.055199606,0.027476589,0.007501769,0.273177636,0.352158528,0.007218684,0.004347406,0.016230316,0.001545744,-0.872282871,0,0,0,0,0,0,0,0,0.294964029,0.35911271,0.492206235,1.106115108,0,0,0,0,0,0,0,0,0,0,0,0.078543136,0.414992272,0.548686244,0.189799073,0.113910355,0.057047807,0.002094628,0.020206999,0.09117792,0.074704142,0.100098619,0.180226824,0.049063116,0.049408576,0.174839823,0.229669788,0.078178906,0.072572696,0.033760473,0.024149828,0.091917201,0.33464761,0.186914736,0.038565796,0.092040414,0.151875442,0,0.154423213,0.117622081,0,0.507855626,0.314932767,0.12342982,0.136520453,0.090069,0.025998029,0.101404633,0.342108988,0.009200283,0.008917197,0.107714084
13340,2021,0.19395895,0.367328621,0.220310119,0.044814914,0.033700816,0.450121,0.14672403,0.09429058,0.705972435,0,0,3.125,0,0.159840305,0.034440691,0.083192568,0.109258761,0.121000269,0.113298202,1.177328844,0.033324981,0.149323295,0,-0.007439276,0,0,0.042082819,0.050836045,0.022668612,0.010602534,0.236358935,0.366692527,0.005171968,0.006901497,0.012368916,0.002868155,-0.852558932,0,0,0,0,0,0,0,0,0.308588957,0.324539877,0.533128834,1.119018405,0,0,0,0,0,0,0,0,0,0,0,0.085058708,0.452803804,0.489442036,0.19941267,0.12012306,0.046010549,0.001458871,0.014364269,0.096734373,0.078814416,0.089816998,0.185135287,0.054676097,0.066546964,0.167994613,0.251599147,0.079620694,0.07518797,0.039726181,0.01851644,0.105263158,0.239928179,0.136348334,0.026147458,0.091796656,0.128782002,0,0.135246961,0.110421515,0,0.515645203,0.285104732,0.109632048,0.141061609,0.088654472,0.034788464,0.097183257,0.307861391,0.010861133,0.009438841,0.109128523
13450,2011,0.257552126,0.307855289,0.142628468,0.044491873,0.041167296,0.951485799,0.146445575,0.07679363,0.782079646,0,0,2.454545455,0,0.175915198,0.045489691,0.110244845,0.086562141,0.086931538,0.161139594,0.825705329,-0.005136523,0.108529677,0,0.00016419,0,0,0.04496822,0.052807203,0.041896186,0.015399195,0.324330727,0.380419332,0.003375977,0.00857823,0.013913971,0.001313413,-0.855811854,0,0,0,0,0,0,0,0,0.336162988,0.344894494,0.416201795,0.807179238,0,0,0,0,0,0,0,0,0,0,0,0.084393728,0.405393927,0.663056558,0.244708714,0.129680753,0.095815678,0.013029661,0.036440678,0.097033898,0.067955508,0.111864407,0.159533898,0.051430085,0.041419492,0.179819915,0.20095339,0.071583686,0.06345339,0.035116525,0.020391949,0.087288136,0.178389831,0.083898305,0.02378178,0.106779661,0.122127458,0,0.15209666,0.124911158,0,0.470919213,0.258765695,0.128131299,0.120444915,0.077489407,0.018432203,0.109798729,0.325456053,0.008291874,0.007403459,0.110459607
13450,2016,0.26048126,0.341504316,0.161343161,0.052845053,0.047814048,0.999258999,0.136656137,0.108732109,0.779698829,0,0,3.375,0,0.16479648,0.048179872,0.117217098,0.091962092,0.089310089,0.156575682,0.828295042,-0.005402579,0.118443118,0,0.004017004,0,0,0.04019927,0.055687087,0.045378317,0.014635846,0.292658845,0.395748635,0.001451969,0.009321009,0.017004017,0.002223002,-0.813150813,0,0,0,0,0,0,0,0,0.334198236,0.336533472,0.433056565,0.807732226,0,0,0,0,0,0,0,0,0,0,0,0.107640108,0.451869004,0.589546808,0.26311611,0.16314919,0.075959357,0.014205386,0.025155371,0.121682944,0.072052079,0.080682547,0.190018247,0.066331311,0.052037092,0.152905199,0.241738187,0.103358982,0.068067476,0.040593864,0.018644569,0.126763342,0.180132189,0.087402585,0.023083753,0.122965374,0.106400279,0,0.135962365,0.156057614,0,0.507666396,0.2397491,0.164197462,0.118871461,0.073887738,0.021949295,0.13485252,0.321582065,0.008247183,0.007608317,0.148216982
13450,2021,0.269068892,0.40671676,0.165731374,0.031603042,0.05294248,1.129697999,0.13361146,0.092741638,0.74513173,0,0,3.375,0,0.15110037,0.041329876,0.099550099,0.090784907,0.088311305,0.148761762,0.773755656,-0.009912161,0.118696005,0,0.002104408,0,0,0.038347001,0.049617446,0.041920557,0.01126833,0.274041677,0.409879084,0.001903782,0.008676069,0.018939674,0.002953555,-0.822343646,0,0,0,0,0,0,0,0,0.346922672,0.334823777,0.435034193,0.796685955,0,0,0,0,0,0,0,0,0,0,0,0.081813483,0.511370262,0.507813411,0.289912536,0.117842566,0.062262336,0.014569112,0.020845742,0.092729189,0.074318442,0.063046964,0.230148912,0.05067583,0.079626151,0.13735282,0.30970816,0.073372429,0.062995373,0.037201631,0.015668667,0.098914189,0.132633894,0.06230815,0.015531223,0.090392633,0.088139954,0,0.110573707,0.104862362,0,0.459943401,0.202109596,0.109222819,0.114445412,0.068951299,0.025060705,0.094699226,0.291793157,0.007409313,0.006380242,0.103576023
13550,2011,0.229653572,0.288867865,0.181087353,0.05751699,0.112879165,0.291148682,0.140228742,0.082960385,0.742117117,0,0,2.272727273,0,0.161695834,0.070542704,0.173322192,0.103265374,0.102768109,0.148395904,0.952906042,0.00758483,0.123331952,0,0.00132615,0,0,0.05182382,0.066855881,0.04425523,0.019405987,0.259969234,0.395692817,0.00437818,0.021632822,0.044094488,0.005801906,-0.723912143,0,0,0,0,0,0,0,0,0.343019943,0.31965812,0.493447293,1.120797721,0,0,0,0,0,0,0,0,0,0,0,0.07973477,0.365098675,0.677210057,0.188429305,0.118004866,0.081887943,0.004099653,0.034794492,0.091769158,0.062861348,0.129822348,0.139598444,0.050562388,0.030905077,0.192683696,0.170503521,0.072059287,0.0609692,0.031325555,0.020393146,0.08230842,0.228003784,0.122569116,0.022075055,0.099232629,0.153236303,0,0.155721216,0.118329192,0,0.477103301,0.294521358,0.125,0.113318617,0.074950068,0.019341953,0.103542521,0.316530588,0.011241273,0.01017631,0.107442906
13550,2016,0.236266885,0.319157721,0.189193614,0.053295129,0.128366762,0.334670487,0.137781416,0.093573475,0.717864924,0,0,3.125,0,0.161045752,0.058843891,0.143475251,0.10536226,0.106017192,0.152342159,0.944657782,0.002754821,0.128776095,0,0.000163733,0,0,0.047284741,0.068036341,0.042122651,0.022083137,0.243977326,0.395961266,0.00649504,0.022513303,0.049365534,0.00761359,-0.669340974,0,0,0,0,0,0,0,0,0.373969376,0.35041225,0.394581861,1.063015312,0,0,0,0,0,0,0,0,0,0,0,0.091281212,0.403430079,0.610686016,0.22348285,0.139313984,0.067210407,0.004336155,0.023952096,0.108920091,0.067003923,0.101899649,0.156514557,0.052756556,0.049039851,0.16818088,0.204728474,0.079909147,0.068862275,0.03974809,0.017551105,0.105822837,0.238901507,0.117695643,0.024468305,0.100660747,0.134624469,0,0.147732641,0.129310345,0,0.500944733,0.282239017,0.13100387,0.114288664,0.06679744,0.024158579,0.114701631,0.326523382,0.010273973,0.009093056,0.118327822
13550,2021,0.241085931,0.359968118,0.189264444,0.037357878,0.15631526,0.354629128,0.157784825,0.099930389,0.699683878,0,0,3.571428571,0,0.173054214,0.048384504,0.115696833,0.103101555,0.104957847,0.152537904,0.991603875,0.017371601,0.121664475,0,-0.00464073,0,0,0.042442961,0.056490983,0.038258444,0.023081296,0.226833428,0.401023309,0.006367254,0.024827906,0.060793565,0.009513497,-0.602598809,0,0,0,0,0,0,0,0,0.348097968,0.348097968,0.410630537,1.037519541,0,0,0,0,0,0,0,0,0,0,0,0.089566092,0.439843176,0.544474394,0.244915462,0.125091889,0.048022317,0.004184517,0.013649497,0.102022517,0.064966122,0.080410522,0.156337186,0.05789159,0.068247484,0.145162897,0.225963933,0.086380393,0.079007672,0.04234333,0.022317426,0.117565009,0.170967421,0.084188503,0.013051709,0.097738368,0.111654349,0,0.129277999,0.113359864,0,0.491074474,0.247527004,0.114166758,0.120354688,0.072830527,0.026701206,0.099631364,0.327458783,0.013075611,0.012279704,0.109039227
13660,2011,0.177844914,0.283014176,0.226787513,0.070090634,0.038267875,0.284793555,0.129909366,0.042497482,0.724458204,0,0,2.090909091,0,0.148038612,0.054580897,0.128330084,0.111581067,0.126082578,0.103555402,1.032683486,0.002083333,0.141188318,0,-0.007049345,0,0,0.047986077,0.080556937,0.032819493,0.015214385,0.26473029,0.347717842,0.005532503,0.007046507,0.016106302,0.00161063,-0.896718341,0,0,0,0,0,0,0,0,0.35744089,0.342141864,0.421418637,1.108484006,0,0,0,0,0,0,0,0,0,0,0,0.049144008,0.363020329,0.72410455,0.17844466,0.085511455,0.118846345,0.005469915,0.045251119,0.065887618,0.079811039,0.14893088,0.119840875,0.036797613,0.027349577,0.228741919,0.147190453,0.046742914,0.087021382,0.048980607,0.030084535,0.036548981,0.310790651,0.179015415,0.023868722,0.068871208,0.169847856,0,0.160165975,0.084647303,0,0.419640387,0.328630705,0.086179296,0.147687718,0.095723521,0.02859274,0.074838389,0.291839557,0.008852006,0.00802213,0.072475795
13660,2016,0.174400913,0.299813346,0.260365158,0.071890453,0.057055915,0.267782427,0.122860403,0.126093572,0.739393939,0,0,2.875,0,0.141658759,0.079524493,0.197478992,0.12305059,0.13617345,0.123714873,1.199763593,-0.011506276,0.140737923,0,-0.003423355,0,0,0.04088785,0.074299065,0.030373832,0.019349411,0.232753786,0.360908581,-0.000280426,0.011601369,0.02206162,0.004374287,-0.78813237,0,0,0,0,0,0,0,0,0.362252664,0.359208524,0.391171994,1.079147641,0,0,0,0,0,0,0,0,0,0,0,0.110878661,0.403748412,0.648348158,0.165819568,0.189644219,0.090654206,0.002102804,0.026168224,0.140186916,0.074766355,0.13271028,0.147897196,0.071495327,0.039252336,0.20771028,0.187616822,0.101518692,0.086214953,0.05,0.027336449,0.12546729,0.300233645,0.171962617,0.023598131,0.131308411,0.164890634,0,0.142456534,0.178070667,0,0.443073472,0.308188446,0.181940339,0.12546729,0.073130841,0.036915888,0.145093458,0.275098149,0.00448682,0.005328099,0.157879978
13660,2021,0.157433809,0.323449469,0.283503055,0.054582485,0.069857434,0.292057026,0.131364562,0.117515275,0.666666667,0,0,3.285714286,0,0.136108305,0.064370291,0.156620022,0.129124236,0.124643585,0.09751506,1.230111769,0.013649852,0.154582485,0,-0.002851324,0,0,0.036817396,0.073140598,0.035087719,0.011307625,0.207306466,0.383299507,0.004059148,0.012219959,0.022403259,0.006313646,-0.775152749,0,0,0,0,0,0,0,0,0.254799302,0.397905759,0.467713787,1.113438045,0,0,0,0,0,0,0,0,0,0,0,0.094704684,0.408459596,0.625631313,0.162563131,0.131944444,0.076105757,0.005683222,0.018285149,0.103039288,0.075420376,0.129080119,0.146636993,0.057368942,0.04818384,0.204595997,0.192241166,0.081788979,0.106251544,0.063750927,0.03286385,0.11317025,0.235977267,0.135408945,0.017296763,0.097356066,0.146129313,0,0.117135402,0.119164975,0,0.455204407,0.291678747,0.117890668,0.14084507,0.084507042,0.040276748,0.102545095,0.247897941,0.006958539,0.007538417,0.115105828
13800,2011,0.264574279,0.368197591,0.116289513,0.039709397,0.02582073,0.864721826,0.150145141,0.063798053,0.738925542,0,0,2.545454545,0,0.168774085,0.035773335,0.086853049,0.077654644,0.07795936,0.165013418,0.739832606,0.008435429,0.114447011,0,-8.02E-05,0,0,0.064098638,0.036111621,0.042807275,0.014734087,0.321036124,0.397775221,0.006092195,0.005725466,0.009574519,0.000801886,-0.901448206,0,0,0,0,0,0,0,0,0.332026144,0.327400704,0.485872298,1.060633484,0,0,0,0,0,0,0,0,0,0,0,0.063366051,0.437236132,0.55245459,0.219243986,0.085542464,0.045338559,0.003449895,0.020985159,0.071141323,0.07722457,0.092371445,0.192806255,0.038336702,0.055055423,0.169596015,0.247861678,0.055239145,0.051340151,0.024782085,0.01688203,0.0647927,0.176332496,0.084777594,0.0276604,0.073284749,0.129492994,0,0.170716848,0.08337282,0,0.534150139,0.279902525,0.085007967,0.115602099,0.076571335,0.016616653,0.073856329,0.352783231,0.01193619,0.011169025,0.074076581
13800,2016,0.263144043,0.394880322,0.142757617,0.037543349,0.037047932,0.881099827,0.142401536,0.067268392,0.736649598,0,0,3.5,0,0.157200941,0.032608346,0.079807599,0.088339113,0.086357444,0.168785012,0.780857109,0.017190357,0.121222442,0,0.002198415,0,0,0.055261224,0.037859159,0.044452608,0.011708745,0.291470265,0.403607327,0.003723553,0.007307406,0.013221452,0.001579143,-0.86973619,0,0,0,0,0,0,0,0,0.328210985,0.340463088,0.480531617,1.042051708,0,0,0,0,0,0,0,0,0,0,0,0.063723062,0.466127658,0.512565361,0.227305185,0.087047659,0.039850729,0.003499749,0.01556518,0.07314668,0.084804424,0.074150699,0.190278234,0.041686808,0.066050505,0.158861518,0.256293747,0.06350787,0.058896322,0.02817201,0.018233497,0.079237403,0.183630457,0.08871186,0.0286554,0.073804091,0.115365575,0,0.144013258,0.087815587,0,0.553216676,0.255612234,0.089886457,0.116439151,0.07421014,0.020611779,0.07991415,0.337530402,0.010029918,0.008846129,0.083209574
13800,2021,0.259943161,0.433034072,0.165697026,0.027080512,0.048387817,0.936822057,0.140907941,0.052330858,0.695086705,0,0,3.5,0,0.150443772,0.025216766,0.061160981,0.095332331,0.093278974,0.158331983,0.823633769,0.006191438,0.128691952,0,0.002395584,0,0,0.048860354,0.039128755,0.042458471,0.01337467,0.266678591,0.396450645,0.003636797,0.00921035,0.017036916,0.002961001,-0.862023301,0,0,0,0,0,0,0,0,0.340762404,0.320189593,0.481645825,1.026724486,0,0,0,0,0,0,0,0,0,0,0,0.045650007,0.496529915,0.474308636,0.234925823,0.062949678,0.033168381,0.003936791,0.010485844,0.054452805,0.084377242,0.067601126,0.182716186,0.031988669,0.079048548,0.151934362,0.261686197,0.04698394,0.068709873,0.033738663,0.019996689,0.060137236,0.130116448,0.066281573,0.017733954,0.050810353,0.124326795,0,0.148929828,0.056598899,0,0.500844611,0.276158111,0.058058757,0.116319285,0.074063173,0.022204235,0.052833937,0.289830879,0.005544625,0.005167034,0.05481031
13850,2011,0.191474966,0.296610169,0.193504736,0.079499323,0.056833559,0.375845737,0.143437077,0.119418133,0.744444444,0,0,2.181818182,0,0.152995392,0.117322545,0.284479588,0.104533153,0.104871448,0.121380846,0.927289048,-0.004016064,0.122083192,0,0.001352722,0,0,0.052118644,0.071610169,0.045338983,0.010223953,0.268743914,0.398247322,0.007789679,0.006763612,0.025025364,0.003043625,-0.838349679,0,0,0,0,0,0,0,0,0.302325581,0.328165375,0.493540052,1.067183463,0,0,0,0,0,0,0,0,0,0,0,0.06323977,0.39049236,0.645727221,0.194114318,0.132427844,0.101694915,0.007627119,0.045762712,0.099152542,0.066101695,0.147033898,0.147033898,0.044067797,0.032627119,0.213135593,0.179661017,0.059322034,0.071610169,0.038135593,0.025423729,0.051694915,0.286016949,0.15720339,0.027118644,0.085169492,0.14751704,0,0.155793574,0.112463486,0,0.453261928,0.283836417,0.113260972,0.133050847,0.086440678,0.022881356,0.095338983,0.29406037,0.007302824,0.007302824,0.09104187
13850,2016,0.210454854,0.317525773,0.220977597,0.090291921,0.06042091,0.394772573,0.120162933,0.179904956,0.769230769,0,0,3.285714286,0,0.13270903,0.119341564,0.292368126,0.108282417,0.100475221,0.13654169,0.951503395,-0.009933775,0.143584521,0,0.001357773,0,0,0.041958042,0.059646236,0.033730975,0.020072054,0.228512609,0.404014411,0.008749357,0.013238289,0.021384929,0.003733876,-0.762389681,0,0,0,0,0,0,0,0,0.296072508,0.374622356,0.480362538,1.066465257,0,0,0,0,0,0,0,0,0,0,0,0.127630686,0.429136081,0.577075099,0.195369848,0.200451722,0.082682024,0.003290827,0.023447141,0.145619087,0.069958848,0.097119342,0.167078189,0.0781893,0.043603455,0.171122995,0.21102427,0.117235705,0.060057589,0.029206088,0.017688194,0.153023447,0.269847799,0.143973673,0.030440148,0.14356232,0.130211014,0,0.135872362,0.212043232,0,0.485846629,0.270200721,0.218172741,0.132044426,0.082270671,0.023858494,0.158371041,0.282038085,0.010293361,0.008749357,0.187853834
13850,2021,0.215475364,0.347538271,0.234559334,0.057945871,0.082581541,0.415336572,0.10444136,0.145385149,0.688622754,0,0,3.142857143,0,0.128210453,0.062960236,0.148195876,0.11276891,0.105135323,0.150114155,1.026200873,-0.026976744,0.180777238,0,-0.000346981,0,0,0.029788995,0.062887878,0.036408771,0.02442672,0.17447657,0.417248255,0.013459621,0.014920194,0.023594726,0.006592644,-0.722761971,0,0,0,0,0,0,0,0,0.377289377,0.322344322,0.432234432,1.043956044,0,0,0,0,0,0,0,0,0,0,0,0.126648161,0.44835046,0.532179557,0.19145484,0.171984857,0.064129086,0.007033513,0.013653289,0.13363674,0.07615894,0.080711921,0.166390728,0.075745033,0.058336781,0.15763343,0.227141084,0.101985933,0.074472487,0.048407116,0.01985933,0.143980141,0.221348779,0.129499379,0.020273066,0.130740588,0.114656032,0,0.100697906,0.161016949,0,0.486041874,0.240279163,0.161736641,0.129499379,0.083574679,0.028547787,0.13156806,0.249252243,0.003489531,0.002991027,0.161016949
14000,2011,0.243600451,0.6569514,0.144331737,0.03446671,0.00358311,1.605749552,0.143579412,0.037501514,0.713447842,0,0,2.636363636,0,0.153683925,0.020714474,0.050052826,0.081359541,0.077770056,0.148819907,0.717073781,0.029594595,0.117566801,0,0.002569383,0,0,0.037413271,0.045530424,0.052128577,0.003312612,0.36127906,0.3729541,0.005279741,0.000669442,0.001102986,0.000210396,-0.964404802,0,0,0,0,0,0,0,0,0.331964328,0.334937026,0.44821247,0.751662364,0,0,0,0,0,0,0,0,0,0,0,0.037718286,0.747767452,0.239100447,0.306067811,0.053481323,0.02049858,0.005395612,0.00652695,0.046622204,0.111733479,0.074161979,0.148687885,0.02435937,0.067334393,0.185895458,0.216022279,0.039276418,0.046187074,0.030751826,0.009920965,0.038220239,0.229463841,0.109826818,0.037816755,0.047255121,0.111010815,0,0.149118624,0.05266116,0,0.559345993,0.259950609,0.056628672,0.113774634,0.076313895,0.020854595,0.050965593,0.327914502,0.010550967,0.010125181,0.048837605
14000,2016,0.229527501,0.686757903,0.161719248,0.031527964,0.004654195,1.700477335,0.147567412,0.043310646,0.723563496,0,0,3.222222222,0,0.155663671,0.021980488,0.054089948,0.087259142,0.084861951,0.141193786,0.78153552,0.027720787,0.120525419,0,0.003820085,0,0,0.034182376,0.043947524,0.051926896,0.003256195,0.348384607,0.368185283,0.003820853,0.000855138,0.001478969,0.000294392,-0.959408973,0,0,0,0,0,0,0,0,0.312565687,0.359103712,0.441922058,0.687602472,0,0,0,0,0,0,0,0,0,0,0,0.039413459,0.783154802,0.205783604,0.312362604,0.058465566,0.016943099,0.005705774,0.005287641,0.050968675,0.116126728,0.059940591,0.142826032,0.026394418,0.072171504,0.176068853,0.214955225,0.044439702,0.054043695,0.034705042,0.012448169,0.045829123,0.249085334,0.119342137,0.041473571,0.046151434,0.102607779,0,0.137757743,0.052899049,0,0.57076577,0.25007764,0.058274296,0.119194049,0.076466079,0.025854559,0.051142897,0.345420153,0.007481719,0.006757075,0.051543869
14000,2021,0.214246662,0.730246517,0.180895983,0.021645335,0.005658352,1.849464136,0.154297119,0.034226769,0.63625608,0,0,3.111111111,0,0.151118594,0.015741458,0.038330247,0.091403126,0.086311269,0.136035187,0.822077103,0.023876719,0.123377094,0,0.004821785,0,0,0.03362233,0.044878572,0.051425736,0.004005237,0.329015142,0.360764182,0.001455667,0.001093465,0.0015875,0.000441338,-0.967531997,0,0,0,0,0,0,0,0,0.273837371,0.359394204,0.476430242,0.600047576,0,0,0,0,0,0,0,0,0,0,0,0.029523552,0.816222882,0.172340717,0.305777575,0.041854305,0.013598582,0.006604096,0.003627373,0.03724157,0.11159458,0.054955512,0.132854563,0.020048148,0.0747434,0.166590758,0.207549165,0.033284806,0.057094523,0.036102933,0.012703938,0.040405355,0.174910942,0.087211477,0.02823007,0.036631586,0.103989733,0,0.144627814,0.03934607,0,0.530103878,0.26702441,0.044293129,0.113603461,0.072775184,0.026139857,0.037932885,0.309884753,0.002825199,0.002360075,0.037924857
14100,2011,0.215209989,0.6514259,0.193719258,0.041770715,0.004237609,1.395081347,0.140295119,0.112750662,0.717054264,0,0,2.363636364,0,0.150680089,0.027801911,0.06749072,0.087476353,0.082179342,0.121361012,0.851986331,0.048762191,0.126815981,0,0.003556295,0,0,0.036378939,0.069765267,0.072570841,0.00242906,0.311250966,0.380589599,0.001545766,0.001816118,0.000983731,0.000378358,-0.956110481,0,0,0,0,0,0,0,0,0.33966034,0.350649351,0.423076923,0.893606394,0,0,0,0,0,0,0,0,0,0,0,0.053193099,0.785382436,0.213144476,0.284305949,0.078073654,0.02562424,0.004769475,0.00533059,0.064434677,0.122790611,0.06415412,0.118208174,0.035630786,0.067520808,0.18694473,0.185728982,0.066912934,0.063593005,0.051996633,0.00851024,0.050313289,0.256522959,0.119797999,0.061722622,0.056392032,0.107320305,0,0.134039969,0.067903279,0,0.589378381,0.252843105,0.070603999,0.120359113,0.078462546,0.025250164,0.059571682,0.337308159,0.009495418,0.009164182,0.06613669
14100,2016,0.213015215,0.668899859,0.216229731,0.040931495,0.005786128,1.429959283,0.146724766,0.120508608,0.686629526,0,0,3,0,0.150688506,0.027558469,0.068263072,0.093935281,0.092578041,0.128734253,0.941735537,0.0391021,0.117365526,0,0.002928781,0,0,0.034977974,0.064757709,0.06722467,0.002544529,0.303859203,0.37553011,0.005089059,0.001928709,0.001714408,0,-0.938138438,0,0,0,0,0,0,0,0,0.291586074,0.358800774,0.47582205,0.862185687,0,0,0,0,0,0,0,0,0,0,0,0.054503893,0.815991356,0.180767153,0.269584009,0.100162075,0.019911894,0.004581498,0.003348018,0.081762115,0.122630697,0.050956537,0.101824914,0.046460372,0.066696035,0.173656388,0.16845815,0.075198238,0.074361233,0.060440529,0.009339207,0.070132159,0.25876652,0.131189427,0.048370044,0.060176211,0.090012723,0,0.118532655,0.076865988,0,0.614079729,0.232506361,0.077716644,0.122378855,0.073920705,0.030572687,0.065550661,0.353795589,0.005831213,0.004770992,0.073261238
14100,2021,0.201121027,0.717857461,0.239029427,0.064459031,0.005236374,1.530127591,0.139759569,0.07242422,0.630584192,0,0,3.25,0,0.13475017,0.04595255,0.078387326,0.103842466,0.093000959,0.135523357,0.968159859,0.01986755,0.126558006,0,0.00715392,0,0,0.033282905,0.064696983,0.064696983,0.003631229,0.270929998,0.379160783,-0.000100867,0.00125378,0.00125378,0.000295007,-0.954347666,0,0,0,0,0,0,0,0,0.259070005,0.333673991,0.593254982,0.86816556,0,0,0,0,0,0,0,0,0,0,0,0.060845195,0.845651716,0.148662876,0.239839966,0.086649821,0.016730444,0.002758743,0.002758743,0.073418172,0.106297812,0.043764455,0.094645081,0.033534958,0.062116223,0.150396013,0.156091483,0.063050636,0.056509745,0.041559135,0.009255139,0.077244816,0.196760701,0.110705704,0.030346178,0.069858503,0.098446641,0,0.128505144,0.079685294,0,0.5762558,0.258018963,0.097858753,0.128237074,0.079647593,0.033727863,0.071638338,0.297155538,0.002824289,0.002622554,0.079584426
14300,2011,0.248383804,0.235964542,0.144096632,0.056311671,0.066519224,0.326641715,0.127084042,0.166383124,0.774683544,0,0,2.272727273,0,0.154017391,0.036783267,0.089523981,0.08574345,0.091357605,0.155800821,0.744060025,-0.241155235,0.131484946,0,-0.007994557,0,0,0.050579557,0.046996839,0.023603793,0.017982579,0.283225625,0.3784771,0.006181512,0.012417078,0.014458241,0.001530873,-0.821738391,0,0,0,0,0,0,0,0,0.343825666,0.330508475,0.458837772,1.111380145,0,0,0,0,0,0,0,0,0,0,0,0.188977717,0.347580138,0.669390321,0.186046512,0.339094909,0.063435195,0.001896733,0.02739726,0.22739726,0.060695469,0.112118019,0.131296101,0.198735511,0.027608008,0.172813488,0.15890411,0.133508957,0.055848261,0.024657534,0.022550053,0.215384615,0.209694415,0.122655427,0.01833509,0.234562698,0.154256814,0,0.161281259,0.31975274,0,0.479348131,0.306265805,0.317920657,0.108746048,0.073972603,0.014752371,0.238566913,0.328463051,0.009553245,0.008710312,0.309637539
14300,2016,0.254487689,0.259323671,0.161715647,0.052899126,0.077680699,0.350277998,0.119777601,0.213343924,0.770588235,0,0,3.125,0,0.141452296,0.031370575,0.073980876,0.087529786,0.090389198,0.150472498,0.758267717,-0.24958124,0.137092931,0,0,0,0,0.050067659,0.047747922,0.019524454,0.017596102,0.229561451,0.414726584,0.005955604,0.01477363,0.018268467,0.000635425,-0.761715647,0,0,0,0,0,0,0,0,0.302702703,0.355405405,0.464864865,1.094594595,0,0,0,0,0,0,0,0,0,0,0,0.228911835,0.392035398,0.604129794,0.209439528,0.40560472,0.04890779,0.00270636,0.019911077,0.265223275,0.057651383,0.093054749,0.13871155,0.21474173,0.041175333,0.149816354,0.180552871,0.15667891,0.063986082,0.029190025,0.023390682,0.274308912,0.210129519,0.118886526,0.020877634,0.261550358,0.136978885,0,0.14239307,0.379263671,0,0.491608013,0.290471034,0.375426621,0.109800889,0.065919196,0.019717765,0.27005606,0.31023281,0.009745533,0.009474824,0.367893882
14300,2021,0.246765394,0.29759463,0.192517537,0.032579891,0.091504287,0.424318005,0.1187841,0.208106002,0.679758308,0,0,3.428571429,0,0.12759901,0.041720361,0.098904639,0.096492595,0.105066251,0.152612394,0.788836846,-0.270251872,0.135307872,0,-0.003741231,0,0,0.044378147,0.044191684,0.024799552,0.017574257,0.212871287,0.408663366,0.004455446,0.015588465,0.017926734,0.002805924,-0.765705378,0,0,0,0,0,0,0,0,0.322625698,0.333798883,0.483240223,1.072625698,0,0,0,0,0,0,0,0,0,0,0,0.186282151,0.418181818,0.561001318,0.207641634,0.306455863,0.044564609,0.003729256,0.01528995,0.216483312,0.062080537,0.080909769,0.171327368,0.189783743,0.059295171,0.142644043,0.230468022,0.128193175,0.073466343,0.039903039,0.022189073,0.221517807,0.163527876,0.093790789,0.013238859,0.214432221,0.109158416,0,0.115841584,0.285148515,0,0.484405941,0.246782178,0.280192077,0.111131829,0.063024427,0.029647585,0.215178072,0.287128713,0.007673267,0.006435644,0.284158416
14350,2011,0.193004905,0.240533145,0.198265444,0.060958271,0.110684581,0.457844601,0.13133575,0.100021327,0.741142857,0,0,2.181818182,0,0.148811071,0.077671373,0.189976911,0.101443094,0.106348191,0.113797342,0.994078537,0.00654197,0.157034194,0,-0.002168195,0,0,0.064907559,0.065260557,0.03891806,0.012533755,0.203902787,0.432414531,0.004789321,0.020154267,0.041481534,0.00437209,-0.733480255,0,0,0,0,0,0,0,0,0.317183463,0.333333333,0.520348837,1.119832041,0,0,0,0,0,0,0,0,0,0,0,0.090744295,0.315379624,0.741431184,0.141879535,0.147424931,0.091029431,0.004809602,0.039271059,0.110267837,0.054626484,0.168777302,0.102237127,0.060274456,0.027533866,0.223403786,0.129770992,0.071349777,0.103340246,0.048404889,0.043109915,0.087411199,0.179234876,0.107267352,0.016767418,0.103516745,0.159219443,0,0.151475009,0.125897998,0,0.449177154,0.323024405,0.127359418,0.142964303,0.095000662,0.026342497,0.109341217,0.273144138,0.010240995,0.009069139,0.116217456
14350,2016,0.196087935,0.266995568,0.239086031,0.05393803,0.116081011,0.452657088,0.118088974,0.131279211,0.734070221,0,0,3,0,0.132776218,0.068357302,0.166337322,0.11535399,0.120650857,0.126118173,1.102693966,-0.006321351,0.163683573,0,-0.004950666,0,0,0.051641229,0.066527284,0.042692871,0.010937968,0.170212766,0.448706423,0.004694836,0.020598927,0.040747793,0.006750909,-0.685165311,0,0,0,0,0,0,0,0,0.304555474,0.350110213,0.5143277,1.10764144,0,0,0,0,0,0,0,0,0,0,0,0.122070279,0.353688709,0.672345929,0.151203329,0.19017094,0.074137571,0.003303366,0.026301484,0.141375706,0.059463076,0.14146525,0.122982353,0.081291294,0.03487351,0.201254443,0.157641648,0.106397658,0.10478779,0.051683044,0.040393059,0.135688898,0.182145097,0.107589379,0.017645829,0.137946895,0.141144741,0,0.122764959,0.178403756,0,0.451503346,0.29787234,0.182249031,0.140915743,0.082709596,0.034998955,0.149278695,0.262860853,0.0080911,0.006792528,0.167216062
14350,2021,0.202131126,0.311416524,0.262317518,0.045490094,0.129008081,0.501987748,0.115354536,0.132494786,0.713178295,0,0,3,0,0.125436521,0.067636314,0.161033152,0.123533629,0.130474453,0.135812311,1.171760075,-0.022334294,0.155533107,0,-0.004138425,0,0,0.047669243,0.062973374,0.038884985,0.012608317,0.143780661,0.447480629,0.00522672,0.02395073,0.039168405,0.009254432,-0.670327164,0,0,0,0,0,0,0,0,0.324257426,0.315770863,0.504950495,1.067892504,0,0,0,0,0,0,0,0,0,0,0,0.106491137,0.393190089,0.60561344,0.161623212,0.153846154,0.058522683,0.003318498,0.016553447,0.120441946,0.065601937,0.123589363,0.14530048,0.075286032,0.052080893,0.189349574,0.197431092,0.089540876,0.114000156,0.062270633,0.03431717,0.124463184,0.137932381,0.083352854,0.010619193,0.114000156,0.126312411,0,0.107285315,0.137499427,0,0.453211682,0.277566366,0.137823057,0.142109784,0.082415866,0.038416491,0.119270711,0.247123011,0.008757049,0.007244051,0.133739856
14400,2011,0.198338837,0.441463859,0.205744021,0.059741819,0.014259982,0.869708796,0.13244271,0.049084359,0.690380762,0,0,2.272727273,0,0.138558218,0.041560238,0.101426139,0.097718403,0.096367457,0.125505418,0.916929699,0.032371393,0.150355249,0,0.00080056,0,0,0.046610427,0.060933422,0.053043637,0.00853552,0.282478661,0.350426776,0.007997849,0.003002252,0.00465349,0.001050788,-0.939904929,0,0,0,0,0,0,0,0,0.303991048,0.348750466,0.536740022,1.116001492,0,0,0,0,0,0,0,0,0,0,0,0.045431802,0.511522371,0.475785294,0.1808835,0.061759909,0.039873763,0.002549008,0.011531225,0.052861565,0.065181769,0.110881835,0.153486678,0.028221157,0.052193967,0.176063604,0.205680646,0.039904109,0.056017479,0.038477878,0.012077441,0.040784123,0.260727074,0.150512836,0.030952236,0.057474055,0.130317898,0,0.140130385,0.065058136,0,0.547079777,0.308286847,0.069123532,0.134065667,0.09109668,0.030102567,0.058687868,0.321325358,0.016197325,0.015726863,0.060420727
14400,2016,0.194045844,0.482383913,0.235184495,0.064153932,0.018309728,0.874767052,0.123415952,0.073099143,0.705139766,0,0,3.125,0,0.134495404,0.045361749,0.112284021,0.114517331,0.10827432,0.130478864,1.038456081,0.012871287,0.161666045,0,0.00382035,0,0,0.040387632,0.056912391,0.051310778,0.006976893,0.251552199,0.342443833,0.006464827,0.003261275,0.005590757,0.001024972,-0.903838986,0,0,0,0,0,0,0,0,0.317747078,0.325540205,0.517888771,1.077931279,0,0,0,0,0,0,0,0,0,0,0,0.069325382,0.5647152,0.410995974,0.20176886,0.09207313,0.030360744,0.002016581,0.006889984,0.078254537,0.071352562,0.083786054,0.157658919,0.038868664,0.060273359,0.15527672,0.218126821,0.064194488,0.054727762,0.03388976,0.014508178,0.080215102,0.265908582,0.153428187,0.029016357,0.077134215,0.120847468,0,0.120399411,0.095180183,0,0.572937336,0.292133393,0.101610829,0.13326238,0.083856151,0.034561954,0.082343715,0.330666325,0.010817385,0.010305319,0.08961147
14400,2021,0.183193204,0.540823737,0.275721591,0.051096472,0.023142931,0.928317587,0.127806189,0.06223455,0.639686684,0,0,3.571428571,0,0.128978239,0.047560307,0.115177266,0.130579873,0.12997313,0.119792473,1.195721187,0.028850856,0.148955534,0,0.004940626,0,0,0.034912071,0.055506562,0.049540904,0.006093005,0.224234063,0.332816003,0.003391389,0.004290543,0.007107567,0.001906908,-0.915272601,0,0,0,0,0,0,0,0,0.316688568,0.355453351,0.491130092,1.081800263,0,0,0,0,0,0,0,0,0,0,0,0.046675912,0.608001404,0.359595251,0.208340645,0.058021875,0.021424496,0.001711885,0.003371894,0.051667791,0.068797344,0.076579849,0.153470997,0.029002802,0.073662914,0.145821445,0.227473155,0.044742439,0.063339731,0.042278363,0.012501945,0.050734035,0.20625616,0.121595684,0.01872698,0.053016548,0.111111111,0,0.115997011,0.058975685,0,0.561878485,0.290164971,0.064212611,0.129895731,0.074285418,0.041448358,0.054261555,0.297867448,0.010174168,0.009599356,0.058113468
14500,2011,0.209859374,0.735051796,0.173993797,0.03893977,0.001363258,1.64500398,0.162081301,0.049992223,0.671125782,0,0,2.636363636,0,0.162140215,0.026989204,0.066244931,0.085308837,0.081603338,0.14009562,0.882542805,0.05673512,0.119351504,0,0.003247971,0,0,0.027932703,0.053099793,0.054574787,0.001932004,0.351398821,0.350181909,0.007288922,0.000301921,0.000356816,8.23E-05,-0.96231473,0,0,0,0,0,0,0,0,0.273014513,0.353237294,0.52835645,0.892839929,0,0,0,0,0,0,0,0,0,0,0,0.043413023,0.838134304,0.140641747,0.26613298,0.055534238,0.010797419,0.002466006,0.002834755,0.048363678,0.12336944,0.055346854,0.118287624,0.025662595,0.068183913,0.178716294,0.186471537,0.045085273,0.038499654,0.028024891,0.005473611,0.048329108,0.264623185,0.135134824,0.046831067,0.054067758,0.120148037,0,0.147170995,0.060607201,0,0.564559026,0.275272864,0.065692202,0.119140355,0.077932703,0.027633095,0.056280249,0.343996989,0.009973654,0.009446744,0.055965374
14500,2016,0.216792458,0.763892133,0.181791229,0.034560748,0.001787333,1.79196632,0.161012427,0.046343591,0.68558155,0,0,3.222222222,0,0.161038516,0.024629072,0.060765458,0.089620764,0.082937325,0.140315418,0.883512876,0.057903914,0.114677306,0,0.005556826,0,0,0.027158161,0.049740416,0.052872416,0.002248357,0.343191514,0.35175833,0.007114032,0.00044048,0.000457422,6.78E-05,-0.962982728,0,0,0,0,0,0,0,0,0.264623817,0.367563528,0.519481814,0.781415047,0,0,0,0,0,0,0,0,0,0,0,0.041455956,0.871863614,0.112306699,0.280925165,0.05639707,0.009035025,0.003535445,0.002293261,0.049177717,0.129277123,0.04462115,0.115072245,0.025702547,0.069870155,0.173884424,0.185010989,0.046358917,0.045589188,0.032721443,0.006975337,0.049230802,0.281720795,0.140515347,0.052012443,0.046693351,0.105926438,0,0.137103655,0.053141935,0,0.579257466,0.259610285,0.058402926,0.122625784,0.075953668,0.031893321,0.05212923,0.355701603,0.006860371,0.006076329,0.052346362
14500,2021,0.204890551,0.803334468,0.193437893,0.026177504,0.002409813,1.949248847,0.164020439,0.031037429,0.597465191,0,0,3.625,0,0.153852897,0.019581878,0.048404317,0.092153196,0.085302556,0.136988647,0.909584249,0.05087835,0.122763468,0,0.006133338,0,0,0.029242809,0.046125978,0.050729569,0.002719088,0.320101146,0.349757187,0.0020208,0.000548051,0.000491634,0.000217609,-0.975490828,0,0,0,0,0,0,0,0,0.241263602,0.362734289,0.54479651,0.664349744,0,0,0,0,0,0,0,0,0,0,0,0.023413069,0.894655514,0.09320658,0.273875508,0.034151858,0.007786073,0.004143232,0.001651288,0.030453754,0.125512921,0.043725855,0.10726796,0.016533558,0.070494986,0.169312063,0.177658574,0.028877524,0.048377735,0.03507736,0.006905386,0.033315986,0.203889033,0.104851784,0.036718641,0.028362122,0.106171377,0,0.144196282,0.031063195,0,0.54733011,0.27609848,0.033966854,0.121044415,0.077340325,0.029543044,0.030313645,0.324375509,0.002190082,0.001460055,0.030280267
14550,2011,0.183138275,0.291527239,0.173602081,0.059601214,0.052774166,0.590268747,0.130147378,0.052340702,0.780036969,0,0,2.181818182,0,0.151850624,0.042982254,0.10071445,0.090160381,0.096337235,0.095497954,0.893041629,0.012951226,0.175138181,0,-0.004660236,0,0,0.06508638,0.054640418,0.039373242,0.011086142,0.219625468,0.410786517,0.006741573,0.010295871,0.017773924,0.002601062,-0.846212203,0,0,0,0,0,0,0,0,0.318300087,0.328707719,0.537727667,1.118820468,0,0,0,0,0,0,0,0,0,0,0,0.071095697,0.368339901,0.660442008,0.16087031,0.10073668,0.084906924,0.002678452,0.031203964,0.078746485,0.070309361,0.158698272,0.105263158,0.038971474,0.024373912,0.229007634,0.12963707,0.05162716,0.081291014,0.035355564,0.037096558,0.064014999,0.266907727,0.160707111,0.027855899,0.078076872,0.183670412,0,0.171235955,0.096779026,0,0.459026217,0.356104869,0.100741387,0.14825231,0.102182938,0.023436454,0.083299853,0.291685393,0.011086142,0.009138577,0.081797753
14550,2016,0.163758389,0.300360914,0.229306488,0.052237136,0.042505593,0.58310962,0.117673378,0.101118568,0.739690722,0,0,2.75,0,0.128733566,0.051339549,0.121916677,0.103355705,0.114541387,0.098215928,1.061167424,0.009956441,0.195302013,0,-0.008612975,0,0,0.048307239,0.057406664,0.038538739,0.008895131,0.179619226,0.431803995,0.002184769,0.007158837,0.012416107,0.002684564,-0.820917226,0,0,0,0,0,0,0,0,0.273913043,0.377173913,0.497826087,1.088043478,0,0,0,0,0,0,0,0,0,0,0,0.100671141,0.385203196,0.626953803,0.144147273,0.152136158,0.071189616,0.003211562,0.021544226,0.11802489,0.070224719,0.144596041,0.122124131,0.061396469,0.031714171,0.214773183,0.153352067,0.086444534,0.087113609,0.037334404,0.04041215,0.11802489,0.261340827,0.15923993,0.022882377,0.115214773,0.164794007,0,0.143102372,0.151529338,0,0.452091136,0.336766542,0.156461562,0.140505821,0.089388465,0.029439315,0.129800616,0.258739076,0.009675406,0.008114856,0.137484395
14550,2021,0.16070093,0.355264829,0.266160915,0.042525911,0.056095737,0.638850305,0.110802436,0.108665456,0.726368159,0,0,2.75,0,0.124482391,0.045753822,0.109530186,0.121166791,0.134629768,0.09517601,1.24963925,0.045717965,0.192755636,0,-0.010043808,0,0,0.042666667,0.05384127,0.039238095,0.007160602,0.151980126,0.435627649,-0.000876808,0.008547922,0.019339673,0.004594508,-0.796986858,0,0,0,0,0,0,0,0,0.283936652,0.326923077,0.548642534,1.078054299,0,0,0,0,0,0,0,0,0,0,0,0.103323005,0.43186061,0.547137523,0.150591164,0.121344119,0.048761905,0.003301587,0.013968254,0.099555556,0.073486483,0.132250286,0.152176672,0.055463891,0.048126984,0.204698413,0.2,0.082031746,0.088507937,0.041142857,0.034920635,0.12,0.203174603,0.131555556,0.011174603,0.105269841,0.1354669,0,0.121730235,0.123483852,0,0.483413707,0.302352769,0.1282704,0.14552381,0.092063492,0.036444444,0.108825397,0.228262458,0.009206488,0.008183545,0.119976618
14600,2011,0.220815318,0.295976447,0.18730698,0.059913527,0.163835701,0.268684373,0.141754169,0.070413836,0.739669421,0,0,2.181818182,0,0.161482625,0.063393004,0.151584825,0.09990735,0.1070105,0.137487127,0.970907512,0.019267095,0.134475838,0,0.00123514,0,0,0.0413969,0.061408672,0.030213851,0.019830028,0.251035084,0.382872085,0.002179124,0.027940722,0.059895029,0.009879592,-0.631830812,0,0,0,0,0,0,0,0,0.36677116,0.356321839,0.383490073,1.068965517,0,0,0,0,0,0,0,0,0,0,0,0.068550255,0.378392087,0.679431905,0.222926706,0.103220898,0.098685501,0.009417304,0.038257799,0.079850893,0.081028056,0.133215617,0.133804199,0.05159898,0.036492054,0.214243673,0.170296253,0.071905042,0.067294487,0.037865411,0.021581322,0.065136355,0.303904257,0.153031195,0.02707475,0.093192074,0.164305949,0,0.165177599,0.115057747,0,0.441926346,0.302026585,0.117919562,0.128114577,0.076711791,0.026682362,0.096331175,0.317280453,0.01002397,0.009370233,0.093920244
14600,2016,0.226993865,0.311699049,0.205037133,0.06054246,0.177268324,0.255085567,0.136906684,0.127865676,0.752515091,0,0,3,0,0.171008335,0.051321662,0.120151047,0.110429448,0.118340329,0.151095093,1.068850902,0.019894438,0.130933161,0,-0.003874717,0,0,0.037350392,0.067271977,0.028477095,0.022693267,0.224189526,0.390523691,-0.001496259,0.033257992,0.064417178,0.012915725,-0.542621892,0,0,0,0,0,0,0,0,0.387731481,0.356481481,0.334490741,1.030092593,0,0,0,0,0,0,0,0,0,0,0,0.125928318,0.41075388,0.619456763,0.228381375,0.187915743,0.075938919,0.006603384,0.02579447,0.140940982,0.072122339,0.113659847,0.151477578,0.075842116,0.043953776,0.184275691,0.194180768,0.110297152,0.067271977,0.038794882,0.018365662,0.154766818,0.274040446,0.129591416,0.028889806,0.142179117,0.144887781,0,0.137905237,0.184289277,0,0.467830424,0.280798005,0.18603539,0.112051176,0.063970285,0.025381758,0.153941395,0.320698254,0.009725686,0.009975062,0.173815461
14600,2021,0.212175911,0.347436432,0.21299639,0.056448966,0.18345914,0.292582868,0.143747949,0.138825074,0.731155779,0,0,3.428571429,0,0.162989674,0.060880153,0.144546878,0.099770266,0.112897932,0.133694413,1.054054054,0.028955099,0.133902199,0,-0.008697079,0,0,0.031478007,0.067542214,0.027934125,0.015718563,0.225299401,0.397704591,0.001247505,0.029701346,0.059730883,0.016901871,-0.520347883,0,0,0,0,0,0,0,0,0.33535109,0.365617433,0.395883777,1.007263923,0,0,0,0,0,0,0,0,0,0,0,0.119625862,0.444235925,0.554691689,0.228418231,0.168096515,0.052115906,0.007087763,0.013341672,0.131123619,0.075912409,0.099478624,0.157664234,0.067153285,0.058578278,0.174484053,0.217219095,0.102564103,0.074421513,0.049405879,0.016885553,0.151969981,0.238273921,0.119449656,0.019178653,0.118407338,0.129491018,0,0.125748503,0.146956088,0,0.464071856,0.257734531,0.148324222,0.131332083,0.079216177,0.032520325,0.122368147,0.316367265,0.007734531,0.006237525,0.143463074
14650,2011,0.229717575,0.341461353,0.184375099,0.049040771,0.029596944,0.644582712,0.131318582,0.040093965,0.738091022,0,0,2.272727273,0,0.147355828,0.032391772,0.078851322,0.097779965,0.092415056,0.144331456,0.851589301,0.019171457,0.132022962,0,0.003745933,0,0,0.057282898,0.059714106,0.056385821,0.01160532,0.268167555,0.397106853,0.006475071,0.005835855,0.011116167,0.001269814,-0.908155383,0,0,0,0,0,0,0,0,0.338425665,0.323389885,0.501728713,1.094757578,0,0,0,0,0,0,0,0,0,0,0,0.052670564,0.407675609,0.596125361,0.198105001,0.081528852,0.055924282,0.003094265,0.020626264,0.067625282,0.063100895,0.127001359,0.154251689,0.030871139,0.0444443,0.190102254,0.198695989,0.047847341,0.075224432,0.042273114,0.023668524,0.047330547,0.160225699,0.083675154,0.020743274,0.06702073,0.126761966,0,0.139690762,0.076718918,0,0.511929073,0.278492091,0.080107323,0.132494328,0.085092275,0.027555856,0.070166999,0.33239172,0.011206854,0.010374344,0.068094977
14650,2016,0.227186365,0.383451466,0.205714112,0.051841456,0.040694935,0.675159978,0.131534015,0.043750095,0.738877163,0,0,3.125,0,0.1452565,0.034146289,0.083399239,0.107893257,0.101651205,0.143972548,0.918251935,0.019791641,0.132273738,0,0.005208465,0,0,0.052312386,0.058749116,0.056919795,0.010888409,0.247760989,0.400034262,0.006146572,0.007868431,0.014617142,0.002168505,-0.880752492,0,0,0,0,0,0,0,0,0.347385976,0.338426931,0.466917468,1.063799255,0,0,0,0,0,0,0,0,0,0,0,0.052109986,0.451365043,0.53462056,0.219958383,0.079079138,0.043984324,0.002753283,0.014795798,0.066655505,0.075773925,0.106799127,0.161085479,0.032910403,0.057967779,0.182578661,0.219059667,0.053161935,0.081141248,0.043246394,0.024816758,0.060231177,0.179713758,0.090052213,0.022801404,0.060950503,0.115942029,0,0.130146983,0.074992291,0,0.531339295,0.268400315,0.080360912,0.136306135,0.082542694,0.033138619,0.068776277,0.341802857,0.010120944,0.009195875,0.06994895
14650,2021,0.225205172,0.436909562,0.220122051,0.037503799,0.054988426,0.72797587,0.138642475,0.042792677,0.658114658,0,0,3.125,0,0.143275731,0.027071936,0.065046496,0.112375786,0.105169632,0.143941939,0.955582781,0.015161115,0.12757371,0,0.006060464,0,0,0.048161116,0.056751524,0.05560347,0.012379651,0.229864516,0.402987936,0.00573842,0.010488906,0.019032477,0.003591386,-0.85636793,0,0,0,0,0,0,0,0,0.331650969,0.345441621,0.462697707,1.027972277,0,0,0,0,0,0,0,0,0,0,0,0.040407772,0.496963047,0.472974385,0.232049323,0.056395888,0.033784749,0.003284232,0.01013828,0.049326304,0.069555979,0.08627386,0.167875624,0.026993066,0.076462625,0.15583251,0.244318279,0.042692156,0.088280148,0.049423403,0.023212378,0.050434375,0.131866186,0.067106849,0.014644817,0.04636764,0.102394924,0,0.122974084,0.051954958,0,0.517892368,0.254215698,0.05514754,0.139754054,0.08316817,0.036612044,0.049040719,0.313485904,0.008211876,0.007661532,0.050235906
14700,2011,0.267121549,0.748404526,0.134401777,0.040114249,0.002507141,1.594414472,0.131767693,0.065534751,0.741187384,0,0,2.272727273,0,0.147566421,0.044071943,0.108196125,0.082735639,0.076991431,0.140556781,0.620293107,0.033912015,0.111171057,0,0.003966995,0,0,0.038688961,0.041430082,0.055918863,0.006215973,0.345650962,0.393878338,0.002272045,0.000539477,0.000539477,9.52E-05,-0.957603453,0,0,0,0,0,0,0,0,0.377094972,0.342577813,0.392059058,0.844173982,0,0,0,0,0,0,0,0,0,0,0,0.045350682,0.84218916,0.143287283,0.395722635,0.059599717,0.015076164,0.002819438,0.003720092,0.052707836,0.093785488,0.055292321,0.144652857,0.026667189,0.087324275,0.149077809,0.231977131,0.043485922,0.036456906,0.025884011,0.007479344,0.051337275,0.24102283,0.108117633,0.039824568,0.053725966,0.091353367,0,0.135422472,0.06177391,0,0.628799246,0.222703305,0.065091951,0.108078474,0.070485962,0.020793359,0.057681012,0.32503108,0.00981695,0.009216787,0.057401295
14700,2016,0.283431805,0.775281664,0.136972622,0.035449779,0.003273141,1.732462345,0.129039416,0.071593021,0.74556701,0,0,2.5,0,0.145862241,0.036472416,0.090533855,0.08421403,0.081024105,0.139466361,0.60859742,0.023739976,0.102022135,0,0.002662894,0,0,0.039045479,0.03417756,0.044492102,0.007983731,0.342095353,0.37817278,0.000527228,0.000943108,0.000859893,0.000110954,-0.949543702,0,0,0,0,0,0,0,0,0.386782232,0.327916215,0.391115926,0.767425063,0,0,0,0,0,0,0,0,0,0,0,0.047654711,0.874339695,0.112859071,0.421014074,0.064044727,0.010178377,0.003472222,0.002757353,0.056712963,0.095591489,0.04013617,0.133855319,0.033123404,0.085886438,0.135757081,0.220009532,0.051300381,0.038126362,0.026245915,0.007489107,0.061683007,0.248570261,0.109034586,0.042075163,0.055078976,0.081080063,0,0.125141222,0.063530918,0,0.64043082,0.206371921,0.06443233,0.106345316,0.067367919,0.022194989,0.059980937,0.325035776,0.007531822,0.007343526,0.062740077
14700,2021,0.264212181,0.817006634,0.143491049,0.034205589,0.003854151,1.850778437,0.137633754,0.038896496,0.670828132,0,0,2.4,0,0.143226769,0.020820752,0.051710557,0.086794462,0.081165373,0.125889395,0.612606803,0.019617364,0.101247528,0,0.004893757,0,0,0.040336082,0.029701742,0.040615118,0.007208105,0.320943365,0.375552234,-0.002092676,0.000583194,0.000557838,0.000152138,-0.961179573,0,0,0,0,0,0,0,0,0.351650165,0.348514851,0.424587459,0.722277228,0,0,0,0,0,0,0,0,0,0,0,0.033571682,0.900400863,0.086134238,0.425703224,0.045431185,0.007316922,0.003534445,0.001891238,0.041018168,0.083477991,0.034593924,0.120179789,0.01983881,0.079897067,0.118279903,0.199727166,0.033685744,0.033577231,0.020741613,0.007192906,0.046970918,0.179264587,0.083555528,0.026105289,0.039622992,0.082477994,0,0.139644577,0.043780103,0,0.600963295,0.230061452,0.047388907,0.103553048,0.067712532,0.021299684,0.041018168,0.30227537,0.002790234,0.0027238,0.042883242
14750,2011,0.242729002,0.247329694,0.148772311,0.052912929,0.059164628,0.478843889,0.163359609,0.111805744,0.805706522,0,0,2.272727273,0,0.186840415,0.042376124,0.101061795,0.092235209,0.086980158,0.129307806,0.964455569,0.013843111,0.107890207,0,0.000905879,0,0,0.059821958,0.057091988,0.042967359,0.017380423,0.291573971,0.392936596,0.005839822,0.011233919,0.025910491,0.001540134,-0.824424715,0,0,0,0,0,0,0,0,0.302735562,0.341033435,0.501519757,1.048024316,0,0,0,0,0,0,0,0,0,0,0,0.084790289,0.33095624,0.715397083,0.190113452,0.132090762,0.084035608,0.005934718,0.032522255,0.096735905,0.092344214,0.118694362,0.157388724,0.043086053,0.035964392,0.211038576,0.193353116,0.066884273,0.064569733,0.033115727,0.023264095,0.083916914,0.218872404,0.109910979,0.03347181,0.11347181,0.135845384,0,0.164349277,0.139182425,0,0.505978865,0.285317019,0.141541379,0.119643917,0.076557864,0.021008902,0.114658754,0.335372636,0.01070634,0.009593993,0.12458287
14750,2016,0.24480659,0.276518994,0.180963467,0.049606017,0.056948424,0.50635745,0.141027937,0.140222063,0.779202279,0,0,3.125,0,0.160788884,0.051465737,0.125506645,0.100286533,0.096436246,0.141255279,0.965077747,-0.010507489,0.126432665,0,0.001343123,0,0,0.045105999,0.057848444,0.039016689,0.018139976,0.250169216,0.40300528,0.004738053,0.0127149,0.022116762,0.002417622,-0.798979226,0,0,0,0,0,0,0,0,0.328729282,0.330801105,0.497237569,1.041436464,0,0,0,0,0,0,0,0,0,0,0,0.103241404,0.36878453,0.646562308,0.2024248,0.164518109,0.067546234,0.004623365,0.026387009,0.120658548,0.088162345,0.098759865,0.180496054,0.058511838,0.050180424,0.186062246,0.23037889,0.091170501,0.066080289,0.038452864,0.01894452,0.125394677,0.229589535,0.110171403,0.037550744,0.115245828,0.121158792,0,0.138621903,0.151211588,0,0.521456613,0.2677677,0.151455547,0.116711773,0.070929184,0.02390618,0.123139378,0.317720319,0.006227156,0.004873426,0.141193989
14750,2021,0.25261963,0.327761789,0.179793922,0.039818372,0.071865176,0.617446734,0.148882291,0.131505414,0.756756757,0,0,3.125,0,0.16502368,0.037279505,0.086470267,0.094568634,0.093608103,0.141404011,0.966824645,0.000865426,0.12679008,0,-0.002270346,0,0,0.044132286,0.054529366,0.03959739,0.018477554,0.231489915,0.412621991,0.002472349,0.012836186,0.0299511,0.003842124,-0.776982187,0,0,0,0,0,0,0,0,0.331506849,0.356849315,0.450684932,0.971917808,0,0,0,0,0,0,0,0,0,0,0,0.086622424,0.414002829,0.577369165,0.219236209,0.123479491,0.051100542,0.007742506,0.017254728,0.096560115,0.090718,0.074344507,0.204668658,0.049341741,0.06957195,0.164583564,0.272093795,0.076595509,0.07875235,0.041256498,0.023338126,0.106293552,0.164362349,0.08118571,0.028426059,0.094016149,0.101366298,0,0.121145088,0.113207547,0,0.49459987,0.232140534,0.113816037,0.119123991,0.071673487,0.024997235,0.098329831,0.305660377,0.008588159,0.007807417,0.110344828
14850,2011,0.233924145,0.389972631,0.146518262,0.052237759,0.044801945,0.626829725,0.13779638,0.066969088,0.753810976,0,0,2.181818182,0,0.152994096,0.053093852,0.128774795,0.083500912,0.081139223,0.143544078,0.780269876,0.031209022,0.140091196,0,0.002993102,0,0,0.067656477,0.04727802,0.055574964,0.015946736,0.229100357,0.448619682,0.004839234,0.00848825,0.017607857,0.001192564,-0.871647375,0,0,0,0,0,0,0,0,0.332850154,0.329769886,0.506794709,1.09603189,0,0,0,0,0,0,0,0,0,0,0,0.055769905,0.47028754,0.541178559,0.211253106,0.079197728,0.061484716,0.003435226,0.021572052,0.064949054,0.06069869,0.136390102,0.138573508,0.031877729,0.040960699,0.197088792,0.179534207,0.044643377,0.070567686,0.033537118,0.025938865,0.055604076,0.229839884,0.12209607,0.032052402,0.065065502,0.136797662,0,0.165151023,0.076420916,0,0.541701851,0.304774277,0.078123519,0.131703057,0.088617176,0.021572052,0.068326055,0.31942189,0.015297174,0.013933095,0.070639818
14850,2016,0.223113481,0.402726811,0.181917237,0.051419961,0.050214443,0.629372899,0.127831228,0.09938565,0.750443262,0,0,3,0,0.138728859,0.056333553,0.137876677,0.094308566,0.091851165,0.136482274,0.862108626,0.042607348,0.155256752,0,2.32E-05,0,0,0.055913068,0.047558566,0.053344623,0.013255463,0.198995997,0.462333486,0.004101319,0.009783239,0.017781384,0.00153008,-0.822928017,0,0,0,0,0,0,0,0,0.316904277,0.346843177,0.49490835,1.054989817,0,0,0,0,0,0,0,0,0,0,0,0.085174452,0.496461355,0.493273071,0.214911359,0.122626305,0.047558566,0.00302004,0.015918713,0.098616991,0.062679912,0.105350793,0.155980132,0.049839138,0.050747954,0.168247248,0.206519898,0.076644087,0.077533164,0.035139712,0.029579452,0.102088625,0.232260796,0.123962743,0.027801298,0.096725938,0.121595905,0,0.139969814,0.121366231,0,0.556565391,0.281087998,0.123727313,0.132176122,0.087129551,0.0255151,0.104798194,0.307402061,0.012369578,0.011746178,0.114640068
14850,2021,0.21863581,0.455767504,0.208372806,0.035909234,0.058645735,0.696733884,0.125998105,0.091825687,0.687559354,0,0,3,0,0.132751639,0.045741694,0.110598971,0.104772861,0.102517255,0.134544134,0.918113988,0.029277671,0.149727072,0,0.001466143,0,0,0.04922315,0.045604201,0.050393187,0.011422986,0.17604838,0.471030207,0.003481873,0.011413362,0.018698967,0.003405964,-0.811205847,0,0,0,0,0,0,0,0,0.297720798,0.337606838,0.517094017,1.034391534,0,0,0,0,0,0,0,0,0,0,0,0.075224433,0.53799903,0.434265395,0.220139001,0.095231938,0.036053441,0.003047536,0.010992898,0.080133874,0.059066794,0.091524963,0.182288124,0.041844647,0.071372208,0.150825828,0.253598542,0.06432478,0.085249381,0.037985361,0.029278115,0.092269598,0.176702675,0.102609453,0.015564202,0.078991048,0.105769524,0,0.121804465,0.091078464,0,0.539384869,0.260315812,0.092543315,0.140023401,0.087888765,0.031645397,0.081412751,0.284169695,0.010445619,0.009865306,0.088787758
14870,2011,0.216071429,0.257855879,0.181349206,0.055257937,0.044642857,0.560267857,0.122619048,0.075248016,0.764890282,0,0,2.090909091,0,0.147920872,0.040428436,0.09799958,0.098065476,0.102628968,0.135939094,0.871419054,-0.030429733,0.141603016,0,-0.002380716,0,0,0.057484591,0.057240496,0.041252212,0.015038641,0.247719836,0.421430063,0.002367193,0.00833292,0.016467437,0.002232032,-0.859381975,0,0,0,0,0,0,0,0,0.330841857,0.325334382,0.496459481,1.097560976,0,0,0,0,0,0,0,0,0,0,0,0.090814403,0.328292376,0.698724008,0.157057341,0.13689351,0.077500458,0.002440959,0.034295478,0.106059681,0.066394093,0.1394398,0.121742845,0.059620431,0.033013974,0.205833893,0.154756819,0.067767132,0.070909868,0.035271862,0.026179288,0.090132422,0.174772686,0.099530115,0.018795387,0.107707329,0.153240966,0,0.155329667,0.126018241,0,0.467590336,0.300076586,0.128483287,0.117105022,0.075059498,0.022395802,0.107890401,0.304393233,0.011905591,0.011070111,0.114739261
14870,2016,0.215694642,0.282301846,0.220436226,0.057136083,0.057278331,0.575391181,0.111284969,0.121100047,0.775891341,0,0,2.875,0,0.133951512,0.041124126,0.098939219,0.111237553,0.113940256,0.137233546,0.961280815,-0.03195708,0.14646752,0,-0.005026079,0,0,0.051211706,0.058584819,0.041552355,0.013396865,0.209999309,0.439886748,0.003590912,0.010146989,0.018397345,0.004030346,-0.791939308,0,0,0,0,0,0,0,0,0.33539004,0.343763773,0.480387836,1.078889379,0,0,0,0,0,0,0,0,0,0,0,0.129966809,0.369854722,0.636652542,0.170172518,0.192266949,0.060871056,0.00280064,0.022176497,0.14517604,0.072269868,0.115780446,0.134419668,0.084448256,0.041380887,0.187928669,0.175697302,0.102194787,0.079275263,0.040866484,0.025834476,0.148433928,0.183984911,0.101566072,0.018861454,0.142432556,0.136454665,0,0.136938057,0.186244044,0,0.479593951,0.287203922,0.186970727,0.12374257,0.078589392,0.026463192,0.150548697,0.301360403,0.008424833,0.007527104,0.173468683
14870,2021,0.210488437,0.339723354,0.245178006,0.043182036,0.077775645,0.640149698,0.11951828,0.099654544,0.727557411,0,0,3.285714286,0,0.127902085,0.048643498,0.11809839,0.116591498,0.11951828,0.13091175,1.050632911,-0.027080745,0.152000768,0,-0.000671721,0,0,0.045793642,0.05836107,0.040514174,0.011847876,0.183412974,0.450153826,0.004058388,0.01247481,0.024709721,0.006669226,-0.779483735,0,0,0,0,0,0,0,0,0.304307974,0.338221815,0.503666361,1.06416132,0,0,0,0,0,0,0,0,0,0,0,0.086076192,0.411669823,0.568833719,0.173434322,0.120906094,0.047974291,0.002754505,0.015092391,0.099162171,0.074482125,0.101107477,0.14506226,0.060825156,0.05836107,0.175943992,0.203374268,0.072248365,0.090783886,0.046883966,0.028004132,0.100826351,0.144955813,0.080913577,0.013198669,0.089291863,0.121358906,0,0.113242129,0.1030307,0,0.47378412,0.271061072,0.101954336,0.132331,0.081028348,0.032021118,0.091816825,0.259605944,0.00864044,0.007920403,0.101263337
14900,2011,0.29197915,0.471075819,0.091532838,0.023825516,0.014854865,1.812010458,0.15018069,0.057132389,0.800397643,0,0,2.666666667,0,0.185173077,0.022803266,0.054611264,0.075267982,0.073896849,0.167379146,0.704114531,0.016117822,0.094564288,0,0.000649488,0,0,0.055520102,0.033902361,0.047151476,0.005341148,0.368153207,0.419280127,0.002946297,0.002886596,0.005362407,0.000621728,-0.911592457,0,0,0,0,0,0,0,0,0.340592198,0.335578881,0.374494752,0.385712048,0,0,0,0,0,0,0,0,0,0,0,0.083795006,0.604224007,0.453896282,0.336114027,0.116618903,0.066978012,0.023488716,0.035802344,0.089415211,0.108045193,0.091177409,0.173014446,0.044852643,0.048703371,0.199222603,0.221717816,0.065241196,0.069929512,0.030566514,0.029761559,0.085854557,0.095216685,0.035969136,0.018833034,0.096884609,0.101040657,0,0.137940271,0.108091288,0,0.445465932,0.204302854,0.109301312,0.112287521,0.069443639,0.011726228,0.099995649,0.3091091,0.006491307,0.005805938,0.097219925
14900,2016,0.289733074,0.521256265,0.10436753,0.026144495,0.014741149,1.942797295,0.149183168,0.069770856,0.805585805,0,0,3.2,0,0.178297537,0.027906766,0.067957725,0.078663508,0.07845306,0.169935119,0.725271425,0.015506636,0.101225493,0,0.001218641,0,0,0.053381931,0.033961691,0.048034879,0.005016221,0.339568145,0.431325217,0.001939512,0.002926696,0.00523673,0.000787957,-0.906546401,0,0,0,0,0,0,0,0,0.346981522,0.336910364,0.36434064,0.334959256,0,0,0,0,0,0,0,0,0,0,0,0.077410609,0.661378551,0.394260792,0.347711246,0.107968858,0.060051509,0.026096146,0.029519525,0.083806342,0.127732145,0.089611836,0.173237315,0.045410249,0.057849409,0.217356088,0.231112883,0.068939006,0.080737324,0.03708766,0.0327151,0.096879726,0.109877176,0.040719859,0.023084078,0.083705096,0.095461681,0,0.127896187,0.099368612,0,0.456455157,0.194697736,0.100138719,0.119305706,0.072675614,0.015047681,0.092791921,0.308410367,0.0055604,0.004772038,0.094150068
14900,2021,0.283358892,0.575081787,0.115564199,0.01928069,0.016440633,2.039833623,0.155067981,0.061911534,0.749819971,0,0,3.555555556,0,0.174523356,0.020634047,0.048660796,0.080245539,0.080369764,0.169836413,0.746253736,0.016738024,0.107802233,0,0.002069001,0,0,0.050679335,0.034233432,0.04490045,0.005899302,0.316738452,0.440920838,0.00227536,0.003187033,0.005483067,0.000968104,-0.913179065,0,0,0,0,0,0,0,0,0.337480243,0.340666905,0.365013002,0.30133075,0,0,0,0,0,0,0,0,0,0,0,0.063016715,0.71338636,0.338801855,0.355912292,0.087652982,0.051586582,0.031121302,0.02357741,0.069709516,0.128348509,0.087308657,0.171741664,0.038494106,0.070402323,0.215660723,0.242135823,0.056914592,0.083956034,0.040617148,0.031214775,0.084978748,0.07127108,0.027426334,0.014092561,0.069533565,0.100816872,0,0.132416456,0.078342492,0,0.390280707,0.205429972,0.080703926,0.108875069,0.06776306,0.014675398,0.074009314,0.274011585,0.002994208,0.00240606,0.075781969
14920,2011,0.195989305,0.270840252,0.202005348,0.065374332,0.109224599,0.345989305,0.13315508,0.049064171,0.709251101,0,0,2.181818182,0,0.154476688,0.04034912,0.095292603,0.106149733,0.107085561,0.122503329,0.987841945,0.010462369,0.14723188,0,0.000802354,0,0,0.054974257,0.067430659,0.040358744,0.016756656,0.242971514,0.387451126,0.004468442,0.018449198,0.036764706,0.00868984,-0.741042781,0,0,0,0,0,0,0,0,0.322614108,0.350622407,0.471991701,1.101659751,0,0,0,0,0,0,0,0,0,0,0,0.077293394,0.34215541,0.705907262,0.16514927,0.10163032,0.091845208,0.004816476,0.038033549,0.079720977,0.068427172,0.139345624,0.13303438,0.040192659,0.028566683,0.207772795,0.161601063,0.052482976,0.079720977,0.041521342,0.02939711,0.059790732,0.262747052,0.150307258,0.02009633,0.080219233,0.16347049,0,0.15174083,0.100539937,0,0.446657978,0.312790914,0.1023281,0.128217904,0.080219233,0.028400598,0.085367879,0.27369205,0.008750698,0.007075033,0.086576057
14920,2016,0.199297515,0.286789432,0.222453493,0.063223624,0.124495902,0.326525302,0.125406531,0.093534539,0.756578947,0,0,3.285714286,0,0.146830048,0.043345374,0.10197277,0.112787824,0.116170157,0.116069466,1.055084746,0.022237427,0.154026278,0,-0.001170808,0,0,0.048214,0.063751402,0.039404133,0.01315295,0.215332582,0.413754228,0.003382187,0.02172499,0.03798621,0.012228438,-0.661636529,0,0,0,0,0,0,0,0,0.333704116,0.343715239,0.461624027,1.107897664,0,0,0,0,0,0,0,0,0,0,0,0.105242617,0.371110177,0.645710681,0.176619008,0.1627418,0.070478936,0.004004485,0.028191575,0.123978856,0.073830878,0.121236387,0.152946829,0.06069827,0.037802339,0.194457793,0.190933846,0.095146564,0.077687009,0.038282877,0.029152651,0.122857601,0.25949063,0.13903572,0.020663143,0.117251321,0.141863961,0,0.138481774,0.158399098,0,0.467305524,0.287110109,0.159078542,0.123498318,0.073842704,0.030113727,0.130546212,0.288801203,0.00789177,0.005073281,0.14205186
14920,2021,0.195868097,0.306900434,0.246589856,0.043835254,0.148457158,0.348033373,0.121838167,0.122765197,0.735064935,0,0,3.285714286,0,0.136971135,0.049709222,0.116242038,0.116673288,0.123427361,0.125690608,1.13202132,0.018431514,0.150708515,0,-0.007548669,0,0,0.043715847,0.06219865,0.036001286,0.014393939,0.185606061,0.421590909,0.006628788,0.023573037,0.046086611,0.017878427,-0.595947557,0,0,0,0,0,0,0,0,0.311868687,0.342171717,0.517676768,1.131313131,0,0,0,0,0,0,0,0,0,0,0,0.113759767,0.390761548,0.607573866,0.175821889,0.165418227,0.059305689,0.00289296,0.018804243,0.12745098,0.071750322,0.103120978,0.156692407,0.066119691,0.051912568,0.174863388,0.208132433,0.100851816,0.081324333,0.045162327,0.023143684,0.141594343,0.191096111,0.107682417,0.014143362,0.12471874,0.129545455,0,0.123106061,0.15094697,0,0.457007576,0.283712121,0.152861583,0.134361941,0.078109932,0.035519126,0.12777242,0.262689394,0.008901515,0.008333333,0.145454545
14950,2011,0.168779186,0.293620617,0.202134757,0.070380254,0.026017345,0.306537692,0.145763843,0.045697131,0.736842105,0,0,2.272727273,0,0.162173459,0.028295129,0.061067335,0.101067378,0.10173449,0.093287827,1.004789272,-0.010582011,0.1435247,0,0.000667557,0,0,0.037209302,0.06807611,0.025792812,0.006178707,0.312262357,0.344106464,-0.006653992,0.003002001,0.008672448,0.001000667,-0.908939293,0,0,0,0,0,0,0,0,0.32586558,0.364562118,0.454175153,1.122199593,0,0,0,0,0,0,0,0,0,0,0,0.058411215,0.361814346,0.676160338,0.175632911,0.078059072,0.090909091,0.002536998,0.025792812,0.062579281,0.079069767,0.130232558,0.138689218,0.041014799,0.032135307,0.209302326,0.170824524,0.059408034,0.076109937,0.04820296,0.016490486,0.050739958,0.35179704,0.206765328,0.026638478,0.063002114,0.171102662,0,0.174429658,0.08365019,0,0.477186312,0.324144487,0.087015945,0.136997886,0.092600423,0.028752643,0.074841438,0.330323194,0.008555133,0.005703422,0.075570342
14950,2016,0.178582879,0.305118904,0.22571337,0.05226034,0.034305867,0.312600192,0.137223469,0.098108368,0.792929293,0,0,3.571428571,0,0.165271829,0.0280595,0.06423259,0.114459763,0.115742225,0.105204873,1.143856144,0.024171889,0.15453671,0,-0.003847387,0,0,0.040371417,0.064594267,0.031893419,0.007619048,0.27047619,0.365714286,0.000952381,0.003847387,0.013465854,0.00288554,-0.848669445,0,0,0,0,0,0,0,0,0.33126294,0.345755694,0.445134576,1.095238095,0,0,0,0,0,0,0,0,0,0,0,0.095222828,0.388429752,0.616219008,0.170971074,0.147210744,0.06580541,0.001614857,0.022607994,0.116269681,0.057947686,0.115492958,0.167806841,0.061569416,0.044004845,0.174404522,0.21396851,0.097496972,0.077916835,0.045619701,0.023011708,0.118691966,0.348001615,0.208720226,0.029874849,0.106580541,0.150952381,0,0.155238095,0.14,0,0.495714286,0.316666667,0.14084507,0.125958821,0.081953977,0.025030279,0.122325394,0.336190476,0.009047619,0.008095238,0.128095238
14950,2021,0.180777343,0.337637676,0.24284423,0.040976198,0.048809882,0.328412172,0.149141308,0.088882193,0.75,0,0,3.571428571,0,0.162981063,0.027620841,0.063245449,0.119614342,0.124133775,0.119934283,1.346596859,0.05204461,0.15848147,0,-0.010545345,0,0,0.03262519,0.065629742,0.030728376,0.014821273,0.225370532,0.37576286,-0.002615519,0.009942754,0.019282917,0.00542332,-0.822536909,0,0,0,0,0,0,0,0,0.286282306,0.349900596,0.48111332,1.051689861,0,0,0,0,0,0,0,0,0,0,0,0.077131666,0.414312618,0.564971751,0.170903955,0.120056497,0.055766313,0.004172989,0.013657056,0.095978756,0.073736222,0.093120487,0.163055872,0.051311288,0.056145675,0.16198786,0.2215478,0.071509863,0.091426404,0.053869499,0.023899848,0.102807284,0.292867982,0.167298938,0.032245827,0.084977238,0.128160418,0,0.12510898,0.102005231,0,0.497820401,0.285963383,0.103761885,0.153641882,0.099013657,0.03262519,0.089150228,0.299476896,0.006974717,0.006538797,0.098081953
15050,2011,0.262159519,0.334118317,0.1268858,0.041391268,0.034885444,0.519250719,0.149367201,0.042443463,0.760460044,0,0,2.454545455,0,0.173297914,0.035913609,0.087998392,0.085479712,0.082575062,0.154224681,0.772192161,0.021743265,0.11424295,0,0.002119178,0,0,0.062616325,0.042959699,0.052436662,0.018945719,0.312222978,0.383284887,0.007813305,0.006668741,0.013989537,0.001185554,-0.892277597,0,0,0,0,0,0,0,0,0.359379355,0.326488897,0.452197343,1.080460838,0,0,0,0,0,0,0,0,0,0,0,0.058388536,0.399211118,0.596500482,0.233385314,0.081938265,0.05490561,0.002317013,0.024100733,0.067858092,0.068370874,0.110950735,0.16143123,0.032571125,0.045295704,0.179321609,0.206726934,0.047033464,0.064895355,0.029019638,0.023834846,0.056975728,0.147586128,0.072188248,0.019998481,0.067174384,0.131135712,0,0.162739398,0.078174284,0,0.514997835,0.278330963,0.08050685,0.124415999,0.082064041,0.019580659,0.071276636,0.365019482,0.013008432,0.012039499,0.069639433
15050,2016,0.262919604,0.37247111,0.143418925,0.046504107,0.052868508,0.555785525,0.150844059,0.049815665,0.767401493,0,0,3.375,0,0.172575339,0.035013702,0.086014868,0.093900783,0.090097665,0.159708,0.825472773,0.034620469,0.114378113,0,0.003906604,0,0,0.05860539,0.04161976,0.051635653,0.017390669,0.284260714,0.391490994,0.008987615,0.010025225,0.020166871,0.001966238,-0.847150896,0,0,0,0,0,0,0,0,0.354769469,0.34498154,0.439254744,1.0542629,0,0,0,0,0,0,0,0,0,0,0,0.057163185,0.438362086,0.535662357,0.255334617,0.080107675,0.041868088,0.002532945,0.016174426,0.06749553,0.079671512,0.09760257,0.168581741,0.034802477,0.057612079,0.177339249,0.22622674,0.053481558,0.073637507,0.030544335,0.025544666,0.07173366,0.161115158,0.07431627,0.022481955,0.064217601,0.120766505,0,0.152588506,0.077509042,0,0.531456651,0.267436338,0.080325586,0.129213297,0.079332495,0.023872591,0.071882657,0.374593548,0.012878594,0.011855614,0.07363633
15050,2021,0.265799215,0.426497738,0.155265666,0.032895174,0.074679139,0.623201738,0.15872365,0.039201561,0.683440514,0,0,3.375,0,0.168002319,0.02789429,0.0681714,0.097377696,0.092201804,0.154627044,0.837553857,0.030335208,0.110178884,0,0.004533061,0,0,0.055581392,0.040220409,0.050916727,0.019284787,0.26127337,0.39759582,0.008758948,0.013765433,0.028727861,0.003225234,-0.815740474,0,0,0,0,0,0,0,0,0.345505826,0.333184888,0.44815557,1.01091071,0,0,0,0,0,0,0,0,0,0,0,0.040243389,0.4856294,0.47556998,0.274849835,0.053639476,0.034625629,0.00341042,0.011682803,0.046759396,0.075934382,0.08075427,0.17789898,0.025255088,0.081638693,0.156625657,0.259487873,0.038339041,0.085147761,0.035175242,0.027466565,0.053284291,0.110514522,0.05296016,0.014205386,0.044518666,0.102011538,0,0.137908122,0.049246428,0,0.5147845,0.244208523,0.051172613,0.131287081,0.08060993,0.026733748,0.046703026,0.342535262,0.010525839,0.00980096,0.047811773
15270,2011,0.209920244,0.308539945,0.181602294,0.069137019,0.038981988,0.519490994,0.131732234,0.085133076,0.784938942,0,0,2.181818182,0,0.154933141,0.065562723,0.158491383,0.099516086,0.10462407,0.124408532,0.919970986,-0.002358996,0.13244321,0,-0.003091536,0,0,0.059286316,0.058836752,0.037313852,0.019571355,0.268031314,0.376283368,0.005646817,0.007437609,0.014471975,0.001523366,-0.865943815,0,0,0,0,0,0,0,0,0.343889955,0.33653231,0.478246961,1.114203455,0,0,0,0,0,0,0,0,0,0,0,0.07858775,0.38504234,0.639009464,0.19426457,0.110154415,0.074234335,0.00455184,0.030345603,0.086990728,0.073110424,0.140207924,0.123967407,0.04860916,0.030682776,0.213318348,0.154650183,0.062742343,0.070469233,0.038269177,0.0240517,0.077100309,0.211463894,0.122843495,0.018881708,0.090587244,0.157469199,0,0.157854209,0.109407084,0,0.483572895,0.308072382,0.11235745,0.112840686,0.072941838,0.022197246,0.094183759,0.306211499,0.00988193,0.009240246,0.097471766
15270,2016,0.212119953,0.329230127,0.196668882,0.057858448,0.054286426,0.498837016,0.130711082,0.120244227,0.804270463,0,0,3,0,0.159305625,0.056483972,0.138895013,0.10936202,0.113141718,0.125224976,0.968838207,0.004833837,0.131292574,0,-0.001827546,0,0,0.055436767,0.057105606,0.039947849,0.018479474,0.250961181,0.387882922,0.005022944,0.009470012,0.020435288,0.003032065,-0.789582987,0,0,0,0,0,0,0,0,0.354943754,0.350207223,0.418590882,1.068087626,0,0,0,0,0,0,0,0,0,0,0,0.110068118,0.419519399,0.58001074,0.207007652,0.158142032,0.059452412,0.003076923,0.022112125,0.123076923,0.074624531,0.109876929,0.131779307,0.066176471,0.039009126,0.184511082,0.170273794,0.095958279,0.067170795,0.034784876,0.022998696,0.133611473,0.217105606,0.119739244,0.020547588,0.122033898,0.144673199,0,0.157943693,0.157757658,0,0.50334863,0.302306834,0.158068982,0.10988266,0.068318123,0.022685789,0.132307692,0.319174005,0.009983877,0.009425772,0.146657572
15270,2021,0.212927313,0.382482886,0.20670478,0.041146502,0.068097849,0.548866332,0.143079376,0.097499319,0.72447644,0,0,3,0,0.153138557,0.056878575,0.138261187,0.106133084,0.110255513,0.122023031,0.988983692,0.005403319,0.135923463,0,-0.00420021,0,0,0.045545035,0.057004127,0.036853605,0.015890411,0.230191781,0.388876712,0.003561644,0.011550578,0.024151208,0.004472446,-0.79096177,0,0,0,0,0,0,0,0,0.320599887,0.348613469,0.464063384,1.07385399,0,0,0,0,0,0,0,0,0,0,0,0.076303815,0.45709938,0.522357486,0.215205431,0.10371064,0.045447924,0.002864773,0.012867201,0.086137412,0.074861637,0.088795029,0.147441499,0.047965822,0.058557902,0.163486283,0.205341102,0.069701384,0.075406652,0.039329934,0.022772518,0.096236951,0.160864287,0.090264627,0.0133042,0.080747754,0.124986301,0,0.14,0.09490411,0,0.497369863,0.276876712,0.096402801,0.119300801,0.073270211,0.026899733,0.08443797,0.298958904,0.009424658,0.008383562,0.092931507
15300,2011,0.252662149,0.304153292,0.125251322,0.078486857,0.207833793,0.289150346,0.144165612,0.127634224,0.785958904,0,0,2.272727273,0,0.171604757,0.100500889,0.240830506,0.087497208,0.097103284,0.155160391,0.825467333,0.00080141,0.112600536,0,-0.007000298,0,0,0.04551201,0.0505689,0.022172518,0.025985972,0.27561228,0.414280786,0.003449465,0.036493632,0.07239145,0.011692858,-0.507857302,0,0,0,0,0,0,0,0,0.377640392,0.334878928,0.386398764,1.05615662,0,0,0,0,0,0,0,0,0,0,0,0.104706583,0.397394557,0.641042177,0.24029408,0.157487424,0.086064378,0.005348634,0.041330351,0.118739667,0.066128562,0.104249733,0.16230672,0.067101041,0.045901002,0.170378294,0.208207721,0.091218516,0.049304678,0.023047749,0.017115628,0.120684625,0.216765535,0.104541476,0.020908295,0.123504814,0.130504772,0,0.164079568,0.151431528,0,0.487639416,0.265953777,0.151415999,0.104541476,0.068559759,0.013906448,0.126227755,0.340922157,0.017132344,0.015637576,0.136483845
15300,2016,0.240443803,0.330738542,0.154343035,0.074017783,0.216201839,0.308382096,0.134204727,0.17250551,0.774131274,0,0,3.125,0,0.161618548,0.111913357,0.272932393,0.09749981,0.104187248,0.148282975,0.876932107,0.010368859,0.122121742,0,-0.003723687,0,0,0.042259007,0.048588121,0.022687439,0.018374896,0.236725928,0.441713399,0.000357953,0.037768827,0.069534159,0.014210806,-0.454137852,0,0,0,0,0,0,0,0,0.379117464,0.355500311,0.359229335,1.000621504,0,0,0,0,0,0,0,0,0,0,0,0.133748765,0.440372997,0.566719201,0.240872078,0.20738114,0.064849075,0.005355404,0.026582278,0.15345667,0.062585166,0.084679774,0.172182208,0.084971773,0.051314508,0.148588121,0.223661149,0.125949367,0.055014606,0.027945472,0.017526777,0.169133398,0.216358325,0.102629017,0.022297955,0.147711782,0.110845961,0,0.143300322,0.197112516,0,0.488724496,0.243527025,0.196914807,0.100681597,0.061830574,0.018111003,0.157254138,0.31929364,0.01049994,0.008352225,0.181123971
15300,2021,0.248764803,0.342744324,0.166810446,0.049094189,0.198807937,0.314641989,0.123362874,0.252686064,0.748466258,0,0,3.125,0,0.152455559,0.094649188,0.232129607,0.090502706,0.102188064,0.164136386,0.888358581,0.024381563,0.135283507,0,-0.003685985,0,0,0.034050533,0.048657718,0.023489933,0.01977879,0.212882238,0.440858816,0.008458035,0.029644734,0.060544271,0.017488824,-0.403340914,0,0,0,0,0,0,0,0,0.333572969,0.371675054,0.386772106,1.018691589,0,0,0,0,0,0,0,0,0,0,0,0.209473767,0.485827105,0.500493583,0.236496968,0.317585672,0.044907225,0.005329649,0.015594157,0.222364785,0.055198973,0.067542214,0.157401007,0.119581317,0.066423214,0.122976707,0.223549151,0.177210817,0.056257402,0.028227398,0.017864193,0.261843664,0.147157521,0.075602053,0.013817608,0.217528622,0.107872479,0,0.125699414,0.290956409,0,0.464541314,0.228757319,0.290208016,0.102743782,0.061290959,0.0211212,0.218910383,0.279375407,0.010409889,0.009238777,0.285361093
15350,2011,0.225694824,0.741229439,0.166721306,0.047499363,0.001129203,1.517393363,0.128947656,0.083415292,0.724984653,0,0,2.090909091,0,0.145211977,0.03181401,0.076667177,0.089935526,0.081156886,0.1244188,0.684870036,0.068923637,0.121079663,0,0.005864569,0,0,0.04671689,0.049213213,0.064235724,0.004433121,0.31011465,0.392611465,0.007031847,0.000182123,0.000109274,0.000109274,-0.927770088,0,0,0,0,0,0,0,0,0.342632513,0.335277707,0.442049201,0.929241694,0,0,0,0,0,0,0,0,0,0,0,0.078862055,0.849164017,0.122217663,0.346958662,0.095753411,0.007087772,0.001159007,0.001693933,0.083225605,0.09392413,0.045914501,0.116658494,0.041768823,0.07903535,0.139838631,0.195693844,0.068180805,0.035305131,0.027905318,0.004769759,0.09138323,0.234698881,0.122854723,0.029955869,0.086256854,0.096917197,0,0.12856051,0.100076433,0,0.626038217,0.227872611,0.102824748,0.102260063,0.068203094,0.023135559,0.090491686,0.31755414,0.00922293,0.00856051,0.098140127
15350,2016,0.219912204,0.75862069,0.191466198,0.049060579,0.002107112,1.609903424,0.12951712,0.075013169,0.720696584,0,0,2.666666667,0,0.140094814,0.028216871,0.069711183,0.10405619,0.08572432,0.118594192,0.758693989,0.088275862,0.119122037,0,0.014890255,0,0,0.044491796,0.046793096,0.065033028,0.004171315,0.294611243,0.379880681,0.004656352,0.000316067,0.000175593,0.000105356,-0.929341528,0,0,0,0,0,0,0,0,0.315856777,0.365217391,0.46112532,0.906138107,0,0,0,0,0,0,0,0,0,0,0,0.072730465,0.871575427,0.102798682,0.327922876,0.093846835,0.005966333,0.00191775,0.0007671,0.081440443,0.094225442,0.03422118,0.106626891,0.040528447,0.075687194,0.128276156,0.182569785,0.070594502,0.03741743,0.028212231,0.005710633,0.090134242,0.255955679,0.136117622,0.034008097,0.080502877,0.083232284,0,0.113838095,0.094291119,0,0.638502207,0.210893922,0.098388071,0.104794375,0.065629661,0.027061581,0.08493501,0.321288257,0.005917447,0.005335403,0.094000097
15350,2021,0.208267147,0.806265284,0.219033499,0.048360337,0.00289456,1.715944792,0.130255216,0.039923753,0.655737705,0,0,2.555555556,0,0.128270165,0.02359138,0.057513261,0.110310989,0.089095979,0.120978342,0.83808554,0.091506489,0.131525998,0,0.014402203,0,0,0.03874531,0.046966567,0.068299675,0.004416636,0.248619801,0.384477365,-0.000920132,0.00070599,0.00074129,0.000141198,-0.964665184,0,0,0,0,0,0,0,0,0.28691761,0.32771782,0.553040274,0.905238221,0,0,0,0,0,0,0,0,0,0,0,0.033534541,0.887516891,0.089091841,0.28777783,0.045850613,0.005101396,0.002150175,0.001180488,0.041485729,0.095627609,0.028334106,0.098241768,0.020660286,0.07609933,0.124288545,0.174712256,0.037164299,0.041865171,0.032674227,0.00581812,0.043509423,0.203212614,0.111935579,0.02445297,0.036679455,0.087826647,0,0.116626794,0.042004049,0,0.621089437,0.234633787,0.043439873,0.115982967,0.069775286,0.032716388,0.038365867,0.279904306,0.002208318,0.001610232,0.040025764
15650,2011,0.280729529,0.272682527,0.106389716,0.046672155,0.053574821,0.444367045,0.144639352,0.115255525,0.796311147,0,0,2.363636364,0,0.174584397,0.06717608,0.164352159,0.079412323,0.080868849,0.168426058,0.735851896,-0.0584424,0.106446302,0,-0.001076494,0,0,0.06300763,0.040036098,0.025186644,0.024350957,0.300265302,0.390657571,0.004453288,0.010195035,0.020643364,0.001266464,-0.833839919,0,0,0,0,0,0,0,0,0.352592006,0.339137317,0.444004749,1.064107638,0,0,0,0,0,0,0,0,0,0,0,0.097074468,0.344602422,0.652027383,0.225276461,0.143127962,0.062761506,0.002461236,0.029452785,0.11149397,0.072770531,0.097711051,0.150053327,0.068012142,0.034949545,0.170481582,0.185002871,0.073303799,0.045286734,0.018541308,0.018131102,0.10665354,0.170399541,0.08171302,0.019115596,0.111904176,0.139473186,0,0.171498958,0.135967406,0,0.510517339,0.279893879,0.137075718,0.099762081,0.062843547,0.014029043,0.115513988,0.36583286,0.011559598,0.010138336,0.125734319
15650,2016,0.263272411,0.295481904,0.129615815,0.047183887,0.083426582,0.47538232,0.15025488,0.100087032,0.787439614,0,0,3.125,0,0.175596455,0.053112358,0.13092131,0.086534875,0.089394505,0.152163438,0.793364642,-0.032955444,0.112395872,0,-0.001491981,0,0,0.061566865,0.040616471,0.030341949,0.026450591,0.269907795,0.406538139,0.002328397,0.015230635,0.031891085,0.002983961,-0.767997016,0,0,0,0,0,0,0,0,0.346655448,0.345393353,0.434581405,1.043752629,0,0,0,0,0,0,0,0,0,0,0,0.090016163,0.368405002,0.612686795,0.232794551,0.137643591,0.055065018,0.003050249,0.024161182,0.108685182,0.086977453,0.084650566,0.143865843,0.069886865,0.041820517,0.171937711,0.185262482,0.084885214,0.062690641,0.024321721,0.023679563,0.114223792,0.180606839,0.082517258,0.022234709,0.107882485,0.137375431,0,0.161963304,0.137189159,0,0.514203223,0.277917482,0.138756856,0.106919249,0.069513566,0.014609087,0.118397817,0.360901555,0.009872404,0.008568501,0.124988358
15650,2021,0.25872715,0.319249554,0.149966375,0.034113835,0.116647307,0.50626643,0.155774286,0.102586049,0.690661479,0,0,3.571428571,0,0.163206181,0.048544304,0.118196203,0.088708198,0.091275906,0.140339113,0.826713694,-0.025185185,0.121171364,0,0.000122272,0,0,0.056537925,0.041181945,0.031332403,0.022563652,0.224495171,0.423441615,0.008779631,0.019380082,0.044445803,0.004401785,-0.707097879,0,0,0,0,0,0,0,0,0.31132917,0.356824264,0.47279215,1.047279215,0,0,0,0,0,0,0,0,0,0,0,0.080454851,0.390809,0.576256582,0.241168023,0.114696027,0.05064371,0.002947107,0.019543974,0.092911432,0.088504499,0.075318027,0.144508222,0.059571827,0.063983248,0.164262448,0.209477276,0.068326353,0.070885683,0.026756631,0.025903521,0.103614084,0.120986505,0.059485032,0.011323096,0.090352102,0.111325724,0,0.138015803,0.106321335,0,0.491220369,0.244161545,0.107676455,0.11152474,0.069101908,0.017915309,0.093842097,0.313169447,0.007989464,0.006935909,0.102897278
15700,2011,0.163537867,0.274601932,0.244314525,0.062701137,0.072892083,0.596653079,0.123739541,0.060233855,0.707854406,0,0,2.090909091,0,0.138502184,0.061223322,0.148423643,0.11596224,0.115157691,0.09674125,1.105051183,0.059286146,0.163769982,0,-0.001072846,0,0,0.061317678,0.075277234,0.05603392,0.009387963,0.187468161,0.425005458,0.005749218,0.011854951,0.029127776,0.003915889,-0.815845939,0,0,0,0,0,0,0,0,0.323247605,0.335854766,0.498739284,1.104387292,0,0,0,0,0,0,0,0,0,0,0,0.068018453,0.346843466,0.69919106,0.130431157,0.105996164,0.089041096,0.003457273,0.032876712,0.082909328,0.054272668,0.182387476,0.095368558,0.034116112,0.025179387,0.236660144,0.120547945,0.050782779,0.101174168,0.054403131,0.036073059,0.056686236,0.228832355,0.144879322,0.017808219,0.082517939,0.159013172,0,0.13761735,0.100065497,0,0.453096572,0.322538389,0.103285078,0.142530985,0.088649706,0.035485975,0.089041096,0.256531548,0.009606288,0.008660214,0.088421512
15700,2016,0.167707683,0.301464631,0.276025401,0.058505101,0.076150323,0.582552571,0.118415574,0.095200916,0.737186478,0,0,2.875,0,0.127630489,0.068012165,0.165800387,0.124817822,0.128721632,0.112541993,1.26754308,0.030728436,0.172600458,0,-0.000572559,0,0,0.046882793,0.069950125,0.047817955,0.010728846,0.155067592,0.438452185,0.004363064,0.013585259,0.027847179,0.005673537,-0.776129502,0,0,0,0,0,0,0,0,0.299208443,0.359366755,0.501319261,1.096569921,0,0,0,0,0,0,0,0,0,0,0,0.091765563,0.380929678,0.627731426,0.145649583,0.141835518,0.064276808,0.002992519,0.020199501,0.111097257,0.061218129,0.152359579,0.127174116,0.053986659,0.032356608,0.213965087,0.159476309,0.082138404,0.096259352,0.048628429,0.036346633,0.102431421,0.22032419,0.132356608,0.01776808,0.10798005,0.146269938,0,0.12259495,0.134897361,0,0.462413275,0.31313926,0.142915504,0.138216958,0.082418953,0.038341646,0.120760599,0.252199413,0.006794936,0.005435949,0.12474072
15700,2021,0.169108639,0.350218087,0.300730142,0.04228941,0.079972558,0.636987308,0.11069731,0.103395894,0.722903885,0,0,2.75,0,0.121274033,0.062436029,0.149181167,0.137648846,0.140294997,0.105796184,1.353294441,0.04641869,0.169549664,0,-0.002303131,0,0,0.039969746,0.070688853,0.054631138,0.008995404,0.14458306,0.446618516,0.006040709,0.014014799,0.02508943,0.007203411,-0.767432744,0,0,0,0,0,0,0,0,0.324668705,0.311926606,0.514271152,1.069317023,0,0,0,0,0,0,0,0,0,0,0,0.08350076,0.422027428,0.565530892,0.1505726,0.108581931,0.05079125,0.003025367,0.013555969,0.089364673,0.067294829,0.133949863,0.139766184,0.046356075,0.051663952,0.201070514,0.191878054,0.06929253,0.110716779,0.06492902,0.031126367,0.09727717,0.168722364,0.107749593,0.00930882,0.08354666,0.134734077,0,0.106697308,0.095929087,0,0.476099803,0.291004596,0.096155052,0.14795206,0.085292064,0.045904119,0.087095648,0.238542351,0.009652003,0.008864084,0.093499672
15750,2011,0.225377176,0.295972153,0.157137331,0.063984526,0.107388781,0.280696325,0.13926499,0.095551257,0.780658026,0,0,2.272727273,0,0.167877222,0.087678704,0.211015619,0.098259188,0.098491296,0.130700224,0.894277597,0.002325165,0.124787251,0,-0.001856723,0,0,0.04833897,0.061666998,0.033518997,0.019860862,0.290731598,0.373877917,0.003366248,0.020038685,0.041624758,0.004796905,-0.737021277,0,0,0,0,0,0,0,0,0.367430025,0.328753181,0.423409669,1.082442748,0,0,0,0,0,0,0,0,0,0,0,0.078214451,0.372760767,0.655698132,0.207470461,0.122601957,0.077183211,0.003182813,0.038591605,0.095981699,0.065446588,0.115078576,0.158146012,0.050626616,0.041078178,0.180525164,0.199224189,0.071364631,0.06136861,0.033021683,0.020986672,0.077978914,0.248856177,0.129003382,0.025860354,0.090809628,0.145758528,0,0.158886894,0.110300718,0,0.478007181,0.289833932,0.110709988,0.108215636,0.067634772,0.018699025,0.095185996,0.325740575,0.013128366,0.011557451,0.097733393
15750,2016,0.222867625,0.316530692,0.176245796,0.059232651,0.121904616,0.278431672,0.136273311,0.149648426,0.797454931,0,0,3.125,0,0.159750297,0.093198992,0.227594052,0.103867319,0.101574442,0.137507827,0.947390397,0.015458226,0.136502599,0,-0.003057169,0,0,0.042540793,0.058080808,0.030691531,0.015120037,0.261657433,0.394275162,0.000577101,0.020559462,0.045169673,0.006267197,-0.650336289,0,0,0,0,0,0,0,0,0.322185061,0.386287625,0.412486065,1.060758082,0,0,0,0,0,0,0,0,0,0,0,0.119382452,0.413099205,0.597026403,0.228915663,0.179441169,0.064491064,0.003302253,0.028166278,0.13548951,0.065616798,0.086516963,0.16379897,0.069796831,0.049242424,0.151223776,0.214160839,0.105429293,0.055555556,0.028749029,0.019036519,0.1497669,0.245823621,0.125777001,0.022921523,0.131216006,0.135041551,0,0.143351801,0.166551247,0,0.495960295,0.279201293,0.171636771,0.107614608,0.067210567,0.020687646,0.141219891,0.322714681,0.010156971,0.009810711,0.159279778
15750,2021,0.233645596,0.351713273,0.191687003,0.041879871,0.148075258,0.296622845,0.141305203,0.155553806,0.697643979,0,0,3,0,0.151107727,0.079438101,0.191366138,0.098638117,0.103597575,0.149928913,0.964690207,-0.019012867,0.143745572,0,-0.002597812,0,0,0.036887665,0.059905568,0.03059217,0.02106856,0.224537306,0.401583052,0.004423234,0.025505786,0.052271117,0.010548689,-0.599858301,0,0,0,0,0,0,0,0,0.323547034,0.328340324,0.478130617,1.08687837,0,0,0,0,0,0,0,0,0,0,0,0.108399591,0.443858989,0.550746456,0.231213148,0.156065738,0.053511706,0.003934684,0.018591383,0.122073579,0.066817556,0.082365676,0.171324542,0.068392049,0.064528822,0.150009837,0.236376156,0.100186898,0.075152469,0.044166831,0.020657092,0.135058037,0.174208145,0.091481409,0.015738737,0.116663388,0.112443255,0,0.124665347,0.140612269,0,0.492957746,0.252473519,0.140656622,0.116565021,0.070332481,0.025870549,0.120893173,0.295425445,0.00919567,0.007449657,0.138051449
15800,2011,0.200271095,0.2472103,0.197899017,0.061504575,0.100304981,0.318197221,0.130464249,0.090647238,0.775784753,0,0,2.181818182,0,0.163983629,0.058674851,0.143708251,0.10606574,0.10606574,0.111142939,0.983653846,0.022049287,0.135061854,0,-0.002203016,0,0,0.044625617,0.077451191,0.047629264,0.009871668,0.258390918,0.415844028,0.003701876,0.014234875,0.041179461,0.004575496,-0.735468565,0,0,0,0,0,0,0,0,0.355611602,0.31147541,0.51702396,1.129886507,0,0,0,0,0,0,0,0,0,0,0,0.089815286,0.334021226,0.716686321,0.180129717,0.173643868,0.096331259,0.000643639,0.040978331,0.126367732,0.067582064,0.132160481,0.145033255,0.055782021,0.029178288,0.199742545,0.174211543,0.081527569,0.086462133,0.051062004,0.025316456,0.08774941,0.260888221,0.149324179,0.027891011,0.108560395,0.15029615,0,0.160908193,0.12857848,0,0.443484699,0.292941757,0.129805411,0.12765501,0.077665737,0.028534649,0.104913109,0.317374136,0.010858835,0.009871668,0.110809477
15800,2016,0.199897488,0.273520647,0.221254058,0.068853579,0.097215103,0.310951649,0.12643089,0.138732274,0.783068783,0,0,3.285714286,0,0.153142077,0.074793767,0.179560037,0.106782846,0.115325474,0.139068945,1.080519481,-0.003174603,0.146420639,0,-0.003417051,0,0,0.039386843,0.074515648,0.044070683,0.013949884,0.225781452,0.416171532,0.00645828,0.017768666,0.031266017,0.006834102,-0.703229113,0,0,0,0,0,0,0,0,0.329218107,0.378600823,0.43484225,1.089163237,0,0,0,0,0,0,0,0,0,0,0,0.120621903,0.370855148,0.648923793,0.188190809,0.206224549,0.073451139,0.006387056,0.025974026,0.151799021,0.05942492,0.106070288,0.157188498,0.073056443,0.044070683,0.166063445,0.201405152,0.11379604,0.086651054,0.048541622,0.026612732,0.14136683,0.263146689,0.141153928,0.027677241,0.134341069,0.132782227,0,0.13562387,0.174115216,0,0.478687678,0.274089383,0.176167076,0.125824995,0.077922078,0.030232063,0.148179689,0.314389047,0.008524929,0.008008267,0.165848618
15800,2021,0.196209196,0.318620993,0.232888733,0.053176553,0.126886627,0.374868375,0.138996139,0.124078624,0.75308642,0,0,3.285714286,0,0.157289093,0.050398369,0.115805077,0.111267111,0.114952615,0.124768376,1.143709328,0.006673022,0.143734644,0,-0.004563005,0,0,0.044166117,0.070753681,0.050098879,0.013541667,0.186458333,0.43046875,0.008072917,0.019480519,0.047560548,0.008248508,-0.657072657,0,0,0,0,0,0,0,0,0.29004329,0.357864358,0.492063492,1.041847042,0,0,0,0,0,0,0,0,0,0,0,0.096525097,0.403661972,0.598591549,0.192676056,0.138028169,0.070314217,0.002197319,0.018677214,0.109206768,0.065274725,0.102197802,0.173406593,0.056923077,0.060646012,0.16985278,0.234673698,0.081300813,0.096242584,0.060865744,0.023071852,0.118435509,0.21204131,0.117556581,0.020654801,0.098879367,0.1125,0,0.115104167,0.119270833,0,0.473177083,0.261458333,0.118476379,0.132058888,0.07866403,0.033399253,0.100637223,0.300520833,0.0109375,0.008333333,0.1171875
15850,2011,0.203037206,0.301156761,0.171298405,0.066514806,0.195747912,0.280182232,0.155049355,0.049050873,0.805147059,0,0,2.272727273,0,0.188125583,0.047030106,0.112937347,0.104176158,0.111465452,0.128982528,1.060277537,0.029558541,0.133940774,0,-0.00501139,0,0,0.047486034,0.063248204,0.03651237,0.017144146,0.263027295,0.402661854,0.004511617,0.032507975,0.082637096,0.007747228,-0.564939997,0,0,0,0,0,0,0,0,0.330802603,0.343817787,0.446854664,1.092190889,0,0,0,0,0,0,0,0,0,0,0,0.067274108,0.382398353,0.65620175,0.202007205,0.118630983,0.082801277,0.004988029,0.043695132,0.09197925,0.074820431,0.130885874,0.151237031,0.040901836,0.03810854,0.205706305,0.189345571,0.060953711,0.054868316,0.027533919,0.017557861,0.074820431,0.2603751,0.143256185,0.0207502,0.08858739,0.162418227,0,0.161290323,0.10872998,0,0.468531469,0.299796977,0.111258278,0.115323224,0.075618516,0.019752594,0.094373504,0.328671329,0.013986014,0.011279044,0.096774194
15850,2016,0.210117939,0.31846002,0.212756052,0.064711359,0.198944755,0.267535692,0.140751086,0.104127871,0.78021978,0,0,3.125,0,0.169046115,0.049411375,0.118719947,0.10707635,0.117163253,0.141049798,1.122939237,0.015911873,0.138888889,0,-0.006362508,0,0,0.041822845,0.073387256,0.039850069,0.017196702,0.228975265,0.414605418,0.008009423,0.036623215,0.075729361,0.013500931,-0.507914339,0,0,0,0,0,0,0,0,0.330379747,0.360759494,0.439240506,1.088607595,0,0,0,0,0,0,0,0,0,0,0,0.111421477,0.410164271,0.60164271,0.200975359,0.158110883,0.065298876,0.003550996,0.023278753,0.121917538,0.072217837,0.102999211,0.151736385,0.067876875,0.051489446,0.175577037,0.202012231,0.101597948,0.063523377,0.038074571,0.017952259,0.133359637,0.254290787,0.130992306,0.026040639,0.130992306,0.13639576,0,0.137102473,0.164899882,0,0.497055359,0.282449941,0.1670434,0.114815545,0.071019925,0.021700533,0.138094299,0.322497055,0.00942285,0.008480565,0.155477032
15850,2021,0.21745283,0.345440032,0.219339623,0.049056604,0.204402516,0.298427673,0.140251572,0.135691824,0.711111111,0,0,3.571428571,0,0.166286439,0.043312944,0.100677798,0.10581761,0.119339623,0.137092316,1.138955438,0.015780731,0.132861635,0,-0.001886792,0,0,0.03550768,0.066427289,0.031518053,0.013167345,0.213550395,0.421594446,0.007182188,0.032861635,0.072169811,0.018867925,-0.459748428,0,0,0,0,0,0,0,0,0.331651955,0.331651955,0.46406053,1.078184111,0,0,0,0,0,0,0,0,0,0,0,0.137735849,0.449934297,0.552693824,0.207095926,0.189487516,0.051665669,0.005186515,0.014163176,0.14342709,0.080271565,0.084664537,0.173322684,0.072484026,0.062238181,0.165370038,0.234390584,0.115000997,0.061041293,0.028924796,0.020147616,0.175543587,0.197087572,0.098942749,0.015559545,0.138639537,0.111323917,0,0.115393823,0.173090735,0,0.505626047,0.247067273,0.178850575,0.121484141,0.06662677,0.032116497,0.146020347,0.297821403,0.014364376,0.013167345,0.169260235
15900,2011,0.296596762,0.449921283,0.154448446,0.048682129,0.026431481,0.740754704,0.113791362,0.074393241,0.767821452,0,0,2.181818182,0,0.132418969,0.048469622,0.11909345,0.084060996,0.078930892,0.201266328,0.656298096,-0.000977727,0.111562931,0,0.003285421,0,0,0.059257937,0.056198468,0.056084854,0.016512628,0.248398266,0.466443106,0.005352745,0.005729289,0.008334736,0.001110849,-0.904015889,0,0,0,0,0,0,0,0,0.381169409,0.332759004,0.40740329,0.988995109,0,0,0,0,0,0,0,0,0,0,0,0.062173898,0.538902955,0.470423196,0.282375138,0.095109147,0.048683698,0.007320003,0.017683244,0.078953775,0.061578913,0.119919821,0.158353892,0.035520678,0.055581705,0.181498734,0.213935597,0.052623677,0.070846588,0.039229371,0.023923911,0.059996429,0.159668571,0.070067519,0.027405376,0.072818607,0.101702155,0,0.130783282,0.085325845,0,0.569326681,0.233894054,0.088691835,0.116422126,0.074758164,0.02000422,0.075918652,0.308887011,0.011995965,0.011332552,0.077410326
15900,2016,0.299193751,0.504837087,0.1590621,0.052911313,0.035235601,0.814672063,0.118292785,0.075348592,0.7466257,0,0,3,0,0.13221142,0.049670494,0.122256947,0.085869083,0.083764984,0.202723784,0.682185027,0.00118863,0.117102393,0,0.002921286,0,0,0.052286165,0.050142402,0.05124911,0.014969143,0.234201427,0.471230358,0.006801768,0.007348257,0.010713527,0.001627941,-0.88916486,0,0,0,0,0,0,0,0,0.369524722,0.341476396,0.414231731,0.959816914,0,0,0,0,0,0,0,0,0,0,0,0.060182355,0.590547599,0.399242934,0.304627928,0.085015196,0.036451723,0.00445779,0.012777451,0.0723617,0.075433003,0.092613803,0.156453635,0.036961939,0.067756865,0.168088103,0.2242284,0.058210538,0.0711776,0.034849704,0.025423335,0.066162586,0.186538402,0.07910256,0.033572733,0.071038294,0.090532674,0,0.122256751,0.086260778,0,0.594686392,0.222164836,0.094337869,0.120956258,0.075588955,0.022737826,0.078243507,0.313301528,0.009191579,0.008429991,0.081638727
15900,2021,0.302540963,0.559476533,0.169654119,0.043719245,0.043879128,0.879838695,0.121523275,0.069128872,0.680050045,0,0,3,0,0.127226742,0.038108331,0.092629747,0.088924813,0.084495449,0.200928576,0.689109994,0.006473148,0.114121263,0,0.003215434,0,0,0.048348573,0.04565626,0.048058849,0.017695075,0.217307798,0.465605592,0.005289631,0.008983082,0.01261895,0.00246339,-0.870393728,0,0,0,0,0,0,0,0,0.345274465,0.33842515,0.446930127,0.937666305,0,0,0,0,0,0,0,0,0,0,0,0.047420251,0.639717451,0.340575479,0.317551457,0.068033997,0.028463615,0.005123168,0.008677587,0.059280354,0.062698738,0.074697212,0.163074662,0.031352902,0.082811595,0.137392767,0.245869667,0.047560665,0.075978348,0.042448097,0.021637435,0.05857371,0.139413768,0.062537982,0.021863561,0.055888463,0.077589125,0,0.115852363,0.063326013,0,0.576483183,0.210317929,0.067380688,0.120751304,0.073540427,0.02632955,0.058121458,0.285364567,0.006793083,0.006147622,0.062696295
15950,2011,0.351699337,0.759846076,0.125463565,0.045963172,0.002151263,1.618536178,0.062515051,0.112989452,0.796070259,0,0,1.666666667,0,0.087102264,0.048106207,0.118524003,0.076915667,0.069883928,0.144485812,0.360091743,0.038006518,0.110402954,0,0.003836892,0,0,0.05368982,0.02892241,0.042272604,0.01076121,0.267632951,0.446903024,-0.000688217,0.000401342,0.000272913,0.000160537,-0.911993707,0,0,0,0,0,0,0,0,0.523846007,0.285960544,0.258954223,0.74257805,0,0,0,0,0,0,0,0,0,0,0,0.088296677,0.866143845,0.108946445,0.501000929,0.110143432,0.00800289,0.0020775,0.003053021,0.096414055,0.065143167,0.042091952,0.145081745,0.050167103,0.099051576,0.107235119,0.244133321,0.07481709,0.021118237,0.014361846,0.005365369,0.099485141,0.197272152,0.079378557,0.021605998,0.096377924,0.057580813,0,0.091115746,0.114014599,0,0.709822732,0.15620438,0.11628998,0.081672839,0.051251016,0.014723151,0.100280011,0.224525547,0.004880083,0.004588113,0.111616267
15950,2016,0.319873481,0.788659968,0.144151468,0.047607083,0.002941263,1.720919921,0.076857134,0.099943835,0.776911076,0,0,2,0,0.098741811,0.044742764,0.110413595,0.088710869,0.080493068,0.12991775,0.437711715,0.05284573,0.106092406,0,0.006946703,0,0,0.048921594,0.029011249,0.045030872,0.009880083,0.268583274,0.42344873,-0.000542436,0.000310385,0.000472967,0.000221703,-0.918797481,0,0,0,0,0,0,0,0,0.483758349,0.308287796,0.268214936,0.693533698,0,0,0,0,0,0,0,0,0,0,0,0.07789175,0.889447428,0.09004377,0.485406831,0.098071446,0.006614227,0.002148355,0.002419014,0.086830754,0.064718022,0.031056531,0.125917656,0.043709192,0.092379261,0.095830162,0.218269475,0.069356339,0.023699569,0.015529054,0.00615749,0.093749471,0.214733993,0.091042883,0.023158251,0.084902309,0.054456692,0,0.08816521,0.099943819,0,0.713768186,0.15310254,0.101487729,0.084750063,0.051188362,0.020028758,0.088623869,0.253395068,0.004087642,0.003893915,0.099033302
15950,2021,0.292414793,0.832038126,0.166656998,0.045221175,0.004031907,1.853125453,0.088136331,0.049528644,0.702183406,0,0,2,0,0.099623982,0.026126715,0.064352225,0.094184191,0.083335751,0.127110819,0.489828993,0.061450518,0.107875272,0,0.00906454,0,0,0.048139353,0.02972385,0.043888345,0.009873854,0.241401216,0.427298303,-0.005082131,0.000580131,0.000536621,0.000362582,-0.953720087,0,0,0,0,0,0,0,0,0.434204886,0.322903272,0.324474925,0.682383198,0,0,0,0,0,0,0,0,0,0,0,0.041943437,0.901680127,0.079427459,0.452498558,0.052116383,0.005363577,0.002540642,0.001544312,0.047973298,0.065435768,0.029222774,0.109801252,0.023660485,0.084605038,0.094834028,0.194334202,0.039355042,0.028445227,0.01898009,0.006658807,0.052506601,0.168396407,0.078826323,0.017186696,0.047425317,0.060078047,0,0.109447318,0.052200744,0,0.655340775,0.187766585,0.054313666,0.08995201,0.054864582,0.021869448,0.048471463,0.224902441,0.002051003,0.001706144,0.051529177
16100,2011,0.213492063,0.289480229,0.168849206,0.058730159,0.031746032,0.58452381,0.138293651,0.1,0.765765766,0,0,2.272727273,0,0.15734375,0.07812171,0.189618867,0.094444444,0.105952381,0.145833333,0.957110609,-0.055715658,0.153769841,0,-0.004365079,0,0,0.047465209,0.047962227,0.023359841,0.019630156,0.273968706,0.352773826,0.004267425,0.00793336,0.008131694,0.00198334,-0.899642999,0,0,0,0,0,0,0,0,0.333333333,0.299479167,0.49609375,1.078125,0,0,0,0,0,0,0,0,0,0,0,0.084920635,0.35948734,0.65270397,0.165364176,0.115348546,0.067097416,0.006709742,0.029324056,0.091699801,0.068091451,0.112077535,0.1722167,0.061133201,0.029075547,0.180168986,0.201292247,0.065109344,0.054423459,0.0305666,0.016153082,0.073310139,0.209741551,0.124005964,0.020874751,0.091699801,0.143385491,0,0.155334282,0.114935989,0,0.500426743,0.296443812,0.114913745,0.119781312,0.081510934,0.021371769,0.100894632,0.326600284,0.007681366,0.006827881,0.104125178
16100,2016,0.218637993,0.316270567,0.222222222,0.056404452,0.033767214,0.554423694,0.112054329,0.137143935,0.824915825,0,0,3.428571429,0,0.137624521,0.0442,0.1056,0.113940766,0.119411432,0.150598614,1.044607566,-0.096744186,0.136766648,0,-0.001320506,0,0,0.0512,0.053485714,0.032,0.015172801,0.226187131,0.381005901,0.003652711,0.008677608,0.009620826,0.002829655,-0.834936804,0,0,0,0,0,0,0,0,0.350819672,0.33442623,0.503278689,1.118032787,0,0,0,0,0,0,0,0,0,0,0,0.138087153,0.414589666,0.59118541,0.163525836,0.195744681,0.054171429,0.002971429,0.016685714,0.1472,0.070335693,0.092030144,0.171728705,0.095227221,0.043657143,0.165485714,0.217371429,0.111771429,0.058057143,0.030171429,0.016685714,0.1648,0.200914286,0.122514286,0.0192,0.151771429,0.136274234,0,0.137117168,0.200056196,0,0.511660579,0.287440292,0.199128303,0.12,0.0768,0.024457143,0.160685714,0.307670694,0.007024445,0.005619556,0.18797415
16100,2021,0.190501792,0.352941176,0.247670251,0.047849462,0.046594982,0.604480287,0.116487455,0.155376344,0.761363636,0,0,3.285714286,0,0.133593889,0.060463364,0.147767941,0.120430108,0.127598566,0.130867268,1.125202375,-0.062937063,0.148566308,0,-0.004121864,0,0,0.047773454,0.05793342,0.017509728,0.010506961,0.203047019,0.377199895,0.001576044,0.008422939,0.015232975,0.004301075,-0.796415771,0,0,0,0,0,0,0,0,0.298742138,0.338050314,0.479559748,1.04245283,0,0,0,0,0,0,0,0,0,0,0,0.132795699,0.448380847,0.55051204,0.169665098,0.178798782,0.044530912,0.005188067,0.014699524,0.139213143,0.060324324,0.078486486,0.179243243,0.087567568,0.060959792,0.140077821,0.238867272,0.100626891,0.066580199,0.039342845,0.017725897,0.155642023,0.138564635,0.086035452,0.009943796,0.137051448,0.130286315,0,0.120042028,0.17310218,0,0.506698188,0.277909115,0.171946857,0.118244704,0.07025508,0.031776913,0.138348465,0.270816916,0.005516154,0.004728132,0.166272656
16150,2011,0.264366608,0.370056688,0.144178469,0.053945398,0.053840292,0.531492235,0.139947973,0.10090128,0.800983607,0,0,2.272727273,0,0.170865507,0.068238627,0.167638727,0.092886985,0.090285624,0.166466471,0.841997544,0.02124183,0.112229346,0,0.003232079,0,0,0.057471652,0.053151998,0.058517819,0.021045747,0.280558655,0.420222385,0.007425647,0.010852713,0.021836815,0.001445277,-0.842964131,0,0,0,0,0,0,0,0,0.382890961,0.31151363,0.440817791,1.050035868,0,0,0,0,0,0,0,0,0,0,0,0.071158293,0.458746294,0.563320627,0.24489623,0.102668361,0.064389849,0.007390659,0.027706533,0.081803456,0.064761069,0.111197354,0.160434665,0.040429266,0.055210583,0.175958423,0.215645248,0.057336663,0.063309935,0.032532397,0.022036987,0.076403888,0.188917387,0.090881479,0.028853942,0.08187095,0.118656458,0,0.148282098,0.097456812,0,0.537532223,0.263360394,0.099618863,0.110218683,0.068911987,0.019640929,0.084570734,0.348082028,0.013158401,0.011927206,0.088530645
16150,2016,0.255329169,0.411890464,0.167435058,0.05604303,0.063355146,0.569551854,0.141037081,0.103509816,0.790003355,0,0,3.125,0,0.163928774,0.06606102,0.163091425,0.09964307,0.094041245,0.152679676,0.866489946,0.038145606,0.11513484,0,0.00594884,0,0,0.052702745,0.053363102,0.058583063,0.017985873,0.264727299,0.417752858,0.006080245,0.012790006,0.023696213,0.002354749,-0.811421773,0,0,0,0,0,0,0,0,0.365234035,0.350269706,0.411867061,1.015660345,0,0,0,0,0,0,0,0,0,0,0,0.072798929,0.504621718,0.498213453,0.267671275,0.108513283,0.052042389,0.004591051,0.020188044,0.088110437,0.075307361,0.091909568,0.160142125,0.044366884,0.064935065,0.167353228,0.22530738,0.068236848,0.072450552,0.036036603,0.025470897,0.088770793,0.202729474,0.093802082,0.028961353,0.082167227,0.10955363,0,0.137843152,0.103801063,0,0.555341149,0.248998762,0.105646951,0.113958681,0.067041917,0.023364045,0.091569448,0.3556397,0.012342533,0.010959004,0.095863977
16150,2021,0.251930502,0.465240955,0.179628608,0.040195808,0.076530612,0.643983269,0.155704174,0.089929215,0.712647444,0,0,3.571428571,0,0.167110141,0.053041188,0.128256705,0.102178709,0.099673653,0.149532355,0.919508785,0.040760004,0.109739842,0,0.006435006,0,0,0.046317455,0.049774418,0.053729419,0.018586018,0.249466391,0.4187108,0.006074935,0.014984372,0.028497886,0.003401361,-0.794953116,0,0,0,0,0,0,0,0,0.34766528,0.335490831,0.436739097,0.986592695,0,0,0,0,0,0,0,0,0,0,0,0.057248575,0.54933844,0.436664345,0.279387187,0.079108635,0.04104412,0.005244038,0.014032929,0.066678385,0.067006534,0.070082916,0.170578067,0.03445548,0.082703463,0.137048105,0.253207945,0.05356829,0.079275795,0.03969649,0.023349153,0.07353372,0.151959923,0.07329935,0.018339486,0.062987051,0.092306177,0,0.128230388,0.07188126,0,0.532656881,0.23222671,0.074312742,0.118122693,0.071014238,0.025663561,0.064774126,0.333891571,0.011230421,0.010081109,0.070534923
16200,2011,0.221148575,0.279830299,0.180921053,0.059895833,0.083059211,0.336691338,0.146244518,0.087650768,0.772115385,0,0,2.272727273,0,0.173669005,0.060007291,0.14345607,0.10060307,0.096011513,0.131888402,0.973714286,0.003179916,0.117659152,0,0.002535462,0,0,0.055491738,0.067420695,0.044446408,0.018060741,0.266875189,0.402784785,0.005751186,0.015281299,0.033235113,0.00376893,-0.777359008,0,0,0,0,0,0,0,0,0.339138405,0.325847846,0.474793767,1.08020165,0,0,0,0,0,0,0,0,0,0,0,0.087644761,0.361037157,0.681444612,0.207431416,0.127676814,0.08800919,0.004064681,0.033047627,0.097463992,0.065299991,0.147477247,0.139701334,0.046390386,0.036847221,0.212777238,0.176548555,0.064637271,0.080144915,0.045064947,0.023681188,0.085535036,0.230803216,0.123265883,0.021207034,0.099584696,0.146806579,0,0.160125114,0.120371305,0,0.474523257,0.296438301,0.122264371,0.130334894,0.08164708,0.024211363,0.10709552,0.327212188,0.013923923,0.013318535,0.110079709
16200,2016,0.22973713,0.313175502,0.198521358,0.065580504,0.100561336,0.363910186,0.137322015,0.107201533,0.773987207,0,0,3,0,0.158180179,0.056255494,0.136610021,0.102272727,0.100424425,0.148671759,0.999002792,0.00258487,0.133351588,0,-0.000958379,0,0,0.049133939,0.066798148,0.0515349,0.017615314,0.239894104,0.420527441,0.005294776,0.021152793,0.035665389,0.005544907,-0.712897043,0,0,0,0,0,0,0,0,0.324634656,0.36743215,0.455636743,1.075678497,0,0,0,0,0,0,0,0,0,0,0,0.102751917,0.404145078,0.603514305,0.210182474,0.166141023,0.063282456,0.002915452,0.021179901,0.126307666,0.074350399,0.106937655,0.14569934,0.060457937,0.048619448,0.181701252,0.193877551,0.094494941,0.081289659,0.045018007,0.024609844,0.120648259,0.243182987,0.120905505,0.030354999,0.119790773,0.132369412,0,0.147642806,0.153853986,0,0.496079829,0.281946849,0.159664685,0.12605042,0.077945464,0.025810324,0.129909106,0.314020975,0.009367681,0.009062214,0.144893595
16200,2021,0.229371214,0.356555225,0.207784973,0.046445234,0.131397535,0.391268018,0.143861848,0.097207715,0.743956044,0,0,3.428571429,0,0.159254624,0.050547845,0.122534697,0.102499826,0.106399276,0.145536562,1.037747525,0.009378871,0.133486526,0,-0.001880092,0,0,0.045410797,0.062560154,0.046548254,0.020712427,0.207124275,0.427856714,0.006904142,0.0231878,0.046932665,0.009052294,-0.668198593,0,0,0,0,0,0,0,0,0.334061135,0.316048035,0.482532751,1.055131004,0,0,0,0,0,0,0,0,0,0,0,0.076805236,0.436884803,0.556733369,0.217847485,0.112385073,0.055385423,0.003499869,0.017411847,0.090471607,0.070528526,0.0959923,0.161095555,0.048302415,0.065710036,0.165806282,0.226354012,0.069297401,0.092134045,0.053110508,0.024149094,0.094846443,0.181030711,0.095021437,0.017499344,0.081371949,0.11206724,0,0.125675405,0.095557334,0,0.490294177,0.253352011,0.09720092,0.130195118,0.078047073,0.030448858,0.08373436,0.307984791,0.011106664,0.009905944,0.092455473
16350,2011,0.295253464,0.382365358,0.096129817,0.029041784,0.030190455,1.165969059,0.144592558,0.046686502,0.768215339,0,0,2.636363636,0,0.170956614,0.027105635,0.066171336,0.074758919,0.074876588,0.174403145,0.683516107,0.021904196,0.114044771,0,-1.68E-05,0,0,0.062122112,0.032921428,0.045421696,0.014298729,0.316239712,0.418183783,0.004184617,0.006370961,0.010898434,0.000801273,-0.898591328,0,0,0,0,0,0,0,0,0.362321416,0.319852157,0.440507499,0.895337266,0,0,0,0,0,0,0,0,0,0,0,0.065458213,0.460303456,0.541338737,0.262410356,0.09391078,0.051145918,0.005552495,0.02728307,0.076926379,0.082972588,0.08974148,0.200440765,0.039046345,0.058608871,0.172714068,0.259049636,0.056015083,0.054888127,0.024098972,0.020220812,0.066436744,0.116037122,0.049378564,0.020378228,0.078679422,0.112969225,0,0.151387409,0.087544973,0,0.512106051,0.240028721,0.089714421,0.110126863,0.070966034,0.012886653,0.080554105,0.338390389,0.011403468,0.01053875,0.078920956
16350,2016,0.293033978,0.43064439,0.116853509,0.032851183,0.039481603,1.231269062,0.143875022,0.061606806,0.766127918,0,0,3.625,0,0.165631512,0.029933078,0.073255881,0.083048565,0.08343109,0.173296015,0.720989451,0.015492885,0.113364887,0,0.000754848,0,0,0.056475529,0.0333581,0.044490389,0.013786909,0.29137142,0.422354182,0.003379005,0.008405333,0.013612763,0.001407689,-0.869936654,0,0,0,0,0,0,0,0,0.36339469,0.339940102,0.405761012,0.828414712,0,0,0,0,0,0,0,0,0,0,0,0.066605123,0.515514171,0.475447614,0.292972534,0.095741024,0.043075432,0.005982878,0.018355678,0.079198837,0.09283859,0.077073669,0.200130513,0.043049866,0.071477952,0.169885317,0.27159425,0.064222258,0.065591988,0.029158456,0.022600549,0.084083347,0.133380714,0.054485544,0.024093038,0.077027944,0.102510729,0,0.134611272,0.090178075,0,0.530532229,0.223898259,0.091455461,0.113015668,0.070689711,0.01661121,0.084018737,0.342762229,0.009944539,0.008960778,0.085245013
16350,2021,0.281589974,0.482261731,0.129993936,0.021983424,0.050192039,1.309725081,0.150291275,0.059890473,0.715984655,0,0,3.5,0,0.166877417,0.021617813,0.052607103,0.088039363,0.086927558,0.1657673,0.748679039,0.013018753,0.10720652,0,0.003307851,0,0,0.052200525,0.034584669,0.043340134,0.015366542,0.279124113,0.428722107,0.003776898,0.010088944,0.017255954,0.00220064,-0.848615297,0,0,0,0,0,0,0,0,0.357035342,0.335571076,0.40426877,0.750225781,0,0,0,0,0,0,0,0,0,0,0,0.061236585,0.566350678,0.416842599,0.312511211,0.082846932,0.035272515,0.007496357,0.013156514,0.070026231,0.094563557,0.067999254,0.189844123,0.038211325,0.085322064,0.162524045,0.275144273,0.056753133,0.070189449,0.03003789,0.023206062,0.081498106,0.086487904,0.036531623,0.014462256,0.06871466,0.104420486,0,0.141399979,0.076731657,0,0.476527023,0.230738137,0.078860436,0.109676479,0.068149228,0.017942291,0.071617604,0.305587661,0.005419027,0.004743228,0.074868472
16380,2011,0.177946517,0.322666488,0.24676736,0.059549356,0.033248047,0.664685815,0.126678222,0.073016397,0.734371077,0,0,2.090909091,0,0.13694446,0.06500117,0.159694594,0.118631011,0.111629251,0.108278122,1.05856431,0.049309519,0.141393161,0,0.005185837,0,0,0.06535018,0.073918501,0.0668898,0.011295854,0.232049657,0.379865046,0.005797047,0.006176321,0.01306794,0.001526886,-0.893915842,0,0,0,0,0,0,0,0,0.329501035,0.337893769,0.500689814,1.117153369,0,0,0,0,0,0,0,0,0,0,0,0.061170871,0.393718707,0.610067447,0.173232093,0.099784831,0.06407832,0.00217555,0.021805707,0.080712911,0.055794494,0.145025521,0.123420634,0.035528408,0.037921513,0.200820015,0.161342147,0.055066522,0.080729646,0.045502468,0.025102502,0.053836499,0.206794411,0.119621789,0.021604887,0.077700611,0.142372502,0,0.133443931,0.092398598,0,0.498676558,0.307131673,0.09826569,0.12902686,0.080896996,0.032248347,0.082520291,0.285024605,0.011482255,0.010699374,0.083227707
16380,2016,0.180318059,0.360828838,0.277110735,0.058365907,0.040425776,0.684016858,0.122983486,0.090069902,0.712827225,0,0,2.875,0,0.129442809,0.065780578,0.161787771,0.128840449,0.121697501,0.117335837,1.163624668,0.045805345,0.143380995,0,0.005271267,0,0,0.054339023,0.070903562,0.064485567,0.010216158,0.203714017,0.395558495,0.005882558,0.007397599,0.014693337,0.002240925,-0.85901272,0,0,0,0,0,0,0,0,0.304983688,0.353133086,0.510181123,1.089098886,0,0,0,0,0,0,0,0,0,0,0,0.073326628,0.440671586,0.542105858,0.181787381,0.117885108,0.048379456,0.002307422,0.014165431,0.095658685,0.062052105,0.129116052,0.144839178,0.046558179,0.047615409,0.191133999,0.192570407,0.07720695,0.08858361,0.051313397,0.02486209,0.081554377,0.210265736,0.119221895,0.022631072,0.08566495,0.124073236,0,0.115910752,0.108618469,0,0.513592537,0.28340701,0.112493589,0.1300408,0.075701777,0.037147965,0.095704528,0.278620906,0.008440948,0.007657767,0.100438581
16380,2021,0.189483875,0.425679012,0.29153316,0.042668449,0.054516954,0.751273599,0.122876374,0.069892349,0.674980514,0,0,3.285714286,0,0.123769713,0.051253341,0.125316044,0.131624444,0.125850027,0.130911612,1.209427609,0.049787651,0.139127729,0,0.004840829,0,0,0.04684178,0.067485083,0.061751595,0.012000846,0.183232067,0.39995768,0.004625011,0.01008506,0.019236532,0.004195385,-0.848424425,0,0,0,0,0,0,0,0,0.290093848,0.340458811,0.542648592,1.074139729,0,0,0,0,0,0,0,0,0,0,0,0.049825961,0.491813733,0.480590495,0.184737035,0.068423486,0.039489747,0.002304369,0.008819697,0.058871134,0.062237647,0.114132075,0.16635573,0.030288897,0.067361635,0.17646252,0.233619093,0.046828064,0.098580344,0.05693711,0.024387902,0.058130444,0.16585968,0.092613675,0.018380084,0.056100405,0.106254345,0,0.101357275,0.063299175,0,0.519603398,0.261116653,0.067707211,0.140319594,0.078156505,0.044345381,0.05911803,0.257776367,0.008358272,0.007557208,0.062105136
16400,2011,0.212600491,0.315957916,0.193158146,0.057046307,0.035875754,0.682719459,0.136574753,0.064128875,0.733333333,0,0,2.272727273,0,0.154225594,0.048374955,0.116224266,0.105204685,0.105235546,0.133224057,0.953166028,0.019579841,0.136294902,0,-0.000709789,0,0,0.061253043,0.055407555,0.046898059,0.014263586,0.261326965,0.37879179,0.006260488,0.007221442,0.013979971,0.001512182,-0.877636675,0,0,0,0,0,0,0,0,0.341770702,0.326995762,0.476921315,1.091627534,0,0,0,0,0,0,0,0,0,0,0,0.06928157,0.382217848,0.607845894,0.184359768,0.102854331,0.053874312,0.003219809,0.021312072,0.084117523,0.064683673,0.120033731,0.154397531,0.04045844,0.038024417,0.184717404,0.192421948,0.058311133,0.068325124,0.03470878,0.024512716,0.068229296,0.165820189,0.092703682,0.016980662,0.083044253,0.142463749,0,0.146164107,0.097263457,0,0.497934684,0.302654791,0.10152104,0.122007781,0.077505414,0.026486766,0.088103954,0.323630653,0.012564003,0.011531345,0.08874403
16400,2016,0.206006671,0.341643,0.229426649,0.061389384,0.047803209,0.692837426,0.128587038,0.085959515,0.740711873,0,0,3.125,0,0.14119218,0.055387915,0.135842843,0.117301167,0.116884237,0.136753177,1.049812781,0.009423239,0.139082178,0,0.000963253,0,0,0.054611757,0.055540946,0.047423693,0.012032382,0.228070175,0.3873983,0.007752407,0.008999942,0.017856116,0.002343436,-0.83467997,0,0,0,0,0,0,0,0,0.315625,0.351201923,0.494831731,1.087379808,0,0,0,0,0,0,0,0,0,0,0,0.081272644,0.414377682,0.561351931,0.189248927,0.120064378,0.042655026,0.003050544,0.015392977,0.098055716,0.073519616,0.111839568,0.156189742,0.049030607,0.047563947,0.185311804,0.203737793,0.075010081,0.078104455,0.040481074,0.025316012,0.094601939,0.177860762,0.097231719,0.019109732,0.092392924,0.128257929,0,0.131851493,0.115094987,0,0.511618517,0.288030202,0.118358101,0.12752678,0.075527271,0.032521608,0.101842599,0.313932126,0.010235601,0.009347304,0.109179739
16400,2021,0.199067432,0.387462332,0.258807588,0.043719114,0.064894521,0.756150699,0.130413412,0.054439662,0.679063361,0,0,3.428571429,0,0.135962391,0.034270077,0.082660758,0.128168341,0.122084064,0.131809701,1.162683976,0.018006338,0.142993783,0,0.004968383,0,0,0.047221376,0.055428214,0.04621155,0.011596553,0.195414251,0.392626143,0.005868772,0.01200914,0.022889101,0.004622987,-0.825176683,0,0,0,0,0,0,0,0,0.301859155,0.34028169,0.511549296,1.067492958,0,0,0,0,0,0,0,0,0,0,0,0.054878049,0.450127255,0.515813309,0.184126806,0.074668763,0.038309263,0.003045506,0.011861445,0.064083864,0.075034063,0.102797147,0.163725254,0.033261201,0.064180038,0.177793451,0.228028275,0.050523346,0.08740603,0.046580217,0.02373892,0.064997516,0.13865068,0.078109221,0.012198054,0.057736387,0.11302233,0,0.11177103,0.067341076,0,0.497682452,0.26428861,0.070305967,0.137127927,0.079279337,0.039799958,0.061952009,0.275268324,0.007913149,0.007313935,0.064715109
16550,2011,0.34475808,0.650223314,0.131158471,0.036662041,0.01428804,1.692764499,0.095752351,0.115575747,0.772497078,0,0,2,0,0.117869525,0.037582791,0.091603023,0.075820419,0.071789067,0.22041826,0.512829894,0.007990401,0.09548249,0,0.003395691,0,0,0.04335635,0.040543256,0.046388645,0.009820525,0.26188422,0.482111093,0.002982372,0.002752194,0.003915093,0.00084504,-0.901130338,0,0,0,0,0,0,0,0,0.42113691,0.319855885,0.335535095,0.736455831,0,0,0,0,0,0,0,0,0,0,0,0.092389155,0.784366249,0.226127093,0.402289054,0.128875508,0.034496931,0.006840932,0.00971796,0.106340421,0.107162429,0.074656583,0.144655122,0.059495104,0.075569925,0.181819012,0.220225047,0.076373667,0.043858688,0.029144746,0.010914438,0.100495031,0.157880316,0.05489186,0.035118004,0.105153076,0.071704745,0,0.104947542,0.12672951,0,0.601427278,0.175011983,0.12791227,0.093498831,0.058974499,0.01631229,0.109527985,0.267327049,0.007562443,0.007093785,0.11992331
16550,2016,0.353376937,0.692661777,0.134409214,0.036812171,0.015242429,1.812277833,0.101030855,0.117567183,0.753172008,0,0,2.5,0,0.116602465,0.036647476,0.089743874,0.076212143,0.071441774,0.232927422,0.528366487,0.004211982,0.093118157,0,0.003611546,0,0,0.036759177,0.035698174,0.041329011,0.009475426,0.244628471,0.488424906,0.001928367,0.003184985,0.003831935,0.001002417,-0.901215697,0,0,0,0,0,0,0,0,0.383795048,0.343772984,0.356827654,0.71855847,0,0,0,0,0,0,0,0,0,0,0,0.085944832,0.822887061,0.179346796,0.400997258,0.121266517,0.025288643,0.006307541,0.006065264,0.101530518,0.123723914,0.056565471,0.134350303,0.058395014,0.075456566,0.180211867,0.209803004,0.076705542,0.044787716,0.029599492,0.010994336,0.102198867,0.18042908,0.062148073,0.044244682,0.096484486,0.06427236,0,0.095488405,0.118178526,0,0.603138245,0.163568555,0.120001899,0.093727548,0.058062791,0.018738826,0.102299119,0.267073875,0.005902564,0.005256512,0.115114674
16550,2021,0.303511307,0.728945469,0.15597533,0.036357,0.017534189,1.865849298,0.114061615,0.079239043,0.683548009,0,0,2.4,0,0.121454846,0.027556834,0.064041617,0.082844203,0.07716831,0.16953691,0.566242845,0.025292857,0.104929536,0,0.005094896,0,0,0.037665414,0.037154756,0.041416107,0.007781871,0.23129339,0.447941458,0.000987547,0.003404046,0.004134017,0.001497184,-0.919330811,0,0,0,0,0,0,0,0,0.350029815,0.333810376,0.424627311,0.750327967,0,0,0,0,0,0,0,0,0,0,0,0.060066144,0.837951532,0.161306711,0.404450541,0.081999695,0.021835022,0.006603333,0.004164502,0.071043063,0.084923933,0.052771517,0.130326454,0.041590365,0.081634809,0.137710316,0.211958196,0.055481207,0.048662165,0.03232992,0.011155231,0.073737223,0.137005961,0.057994876,0.026518987,0.067873463,0.069355428,0,0.11432832,0.078193974,0,0.584371081,0.193776479,0.082699365,0.102325254,0.065698765,0.02076088,0.07036512,0.25501427,0.002399739,0.002113351,0.076564521
16610,2011,0.202840677,0.24008255,0.196442347,0.051640423,0.065934565,0.392567046,0.139038889,0.0706539,0.779273217,0,0,2.181818182,0,0.159956846,0.064401914,0.156339713,0.104596814,0.10418841,0.127220063,1.018905341,0.018152199,0.139531718,0,0.001815047,0,0,0.059723735,0.065168797,0.0515848,0.017068083,0.228206587,0.415449776,0.005246855,0.012796079,0.025501407,0.002268808,-0.826436156,0,0,0,0,0,0,0,0,0.335281981,0.323933975,0.500343879,1.124828061,0,0,0,0,0,0,0,0,0,0,0,0.070015428,0.308958365,0.753569818,0.156696227,0.116939726,0.09944403,0.003438987,0.037255689,0.089184387,0.059609102,0.147704476,0.130337594,0.040408093,0.026824096,0.207313578,0.15716169,0.059064596,0.09365507,0.046999484,0.032039892,0.061443228,0.194589328,0.106493953,0.020232705,0.086490514,0.156710285,0,0.155003477,0.100701688,0,0.453125988,0.310006954,0.105327394,0.142717946,0.090674615,0.027741159,0.090789247,0.297111069,0.010683355,0.009039762,0.092294077
16610,2016,0.201911694,0.266554585,0.224404788,0.050335423,0.071907748,0.391458763,0.130705485,0.101109309,0.739606127,0,0,3,0,0.146934534,0.066103494,0.160734894,0.112377779,0.113693164,0.133047855,1.104036846,0.016992851,0.144867804,0,-0.002586925,0,0,0.056179166,0.063554037,0.047665528,0.013728279,0.189784182,0.437264238,0.003524828,0.013680011,0.027403867,0.002630771,-0.778313676,0,0,0,0,0,0,0,0,0.328650647,0.341959335,0.492791128,1.114232902,0,0,0,0,0,0,0,0,0,0,0,0.092383917,0.342577488,0.685864246,0.161288035,0.141924959,0.081286264,0.00325362,0.02543246,0.108562442,0.066243834,0.141811677,0.150647802,0.055022497,0.036115178,0.208340112,0.186757768,0.080852448,0.096469823,0.049129657,0.032210835,0.104007375,0.195542541,0.104929234,0.021528117,0.10482078,0.133448766,0,0.1284398,0.133634284,0,0.469358729,0.279450869,0.135792919,0.137140068,0.081557399,0.030584025,0.118269074,0.283532249,0.008842991,0.008039082,0.121019108
16610,2021,0.206577551,0.303756039,0.251135158,0.038107363,0.078845746,0.407256525,0.129089752,0.112497348,0.712962963,0,0,3,0,0.142121403,0.050019849,0.120329937,0.118438362,0.118268619,0.142364236,1.172028537,0.018022181,0.141353703,0,-0.000594101,0,0,0.04549704,0.060870468,0.045912538,0.017482517,0.169610051,0.432262653,0.005807752,0.013664333,0.02758328,0.005559092,-0.752599194,0,0,0,0,0,0,0,0,0.284534535,0.348348348,0.512387387,1.083333333,0,0,0,0,0,0,0,0,0,0,0,0.100827498,0.379274204,0.615092362,0.166317306,0.137102057,0.060403033,0.002908487,0.015892801,0.108444998,0.062013088,0.11504103,0.183182715,0.057079049,0.055053495,0.176534746,0.238495897,0.083385271,0.096759115,0.052404695,0.02596863,0.118520827,0.14007479,0.078269451,0.012464942,0.101797029,0.114732725,0,0.107798981,0.118940382,0,0.468649994,0.260578405,0.121718918,0.142256155,0.082580243,0.03884907,0.106575257,0.259274624,0.008356051,0.007941211,0.117103236
16700,2011,0.304547837,0.653515816,0.142549351,0.03024127,0.003425921,1.80782818,0.110697024,0.066674431,0.763124804,0,0,2.166666667,0,0.129878847,0.031734753,0.077370349,0.080562511,0.075195559,0.190365234,0.584070604,0.024060123,0.105221273,0,0.004910714,0,0,0.038894837,0.047681672,0.052162376,0.007333843,0.328724217,0.432327476,0.002686529,0.000640528,0.000902562,0.000203804,-0.950786102,0,0,0,0,0,0,0,0,0.39544646,0.327001067,0.345001779,0.567840626,0,0,0,0,0,0,0,0,0,0,0,0.055444488,0.765731001,0.255774671,0.375951001,0.081889093,0.038266375,0.010241609,0.012173549,0.069398538,0.124796332,0.081455705,0.154217681,0.031562776,0.068257995,0.206252037,0.222475676,0.051010195,0.05323309,0.035030958,0.014117127,0.055851683,0.171977562,0.070445976,0.030666636,0.067268749,0.090348867,0,0.125324675,0.07394958,0,0.542500637,0.212999745,0.077099632,0.107001536,0.068409292,0.01866766,0.06880499,0.280557678,0.007053731,0.006722689,0.068920295
16700,2016,0.317406407,0.713836607,0.142663067,0.030463793,0.003697271,1.984514454,0.110625785,0.069104573,0.767771846,0,0,2.7,0,0.128148574,0.033356393,0.081830034,0.082053619,0.075957421,0.192134818,0.572610886,0.023882032,0.105045485,0,0.003800451,0,0,0.034602147,0.041341758,0.046314275,0.008107956,0.323855231,0.427226018,0.002145559,0.000808241,0.000920019,0.000283744,-0.95350037,0,0,0,0,0,0,0,0,0.390061482,0.337833555,0.339988591,0.4786081,0,0,0,0,0,0,0,0,0,0,0,0.047583017,0.818623501,0.198440537,0.404216239,0.065412144,0.030687831,0.010479273,0.008167668,0.056721631,0.139657688,0.064579096,0.150937969,0.028498634,0.074772692,0.204253352,0.225818051,0.047932398,0.054872348,0.035485694,0.014331946,0.05520111,0.188801562,0.075440489,0.033502851,0.053855242,0.08446728,0,0.119383434,0.062503529,0,0.551962057,0.205171927,0.0651611,0.107792675,0.066399548,0.020598962,0.059680485,0.28446728,0.005104173,0.004336288,0.06096776
16700,2021,0.296027818,0.755612264,0.150608335,0.025092354,0.004739667,2.093670376,0.119235148,0.052260248,0.688454658,0,0,2.5,0,0.12813791,0.023021743,0.054750121,0.084392401,0.077933443,0.157387472,0.575808407,0.015778921,0.108330816,0,0.005320508,0,0,0.037816447,0.03740962,0.045185569,0.008880624,0.309409682,0.410398186,0.001083973,0.001153938,0.001138449,0.000325271,-0.958868676,0,0,0,0,0,0,0,0,0.363174245,0.353741881,0.356057611,0.438576673,0,0,0,0,0,0,0,0,0,0,0,0.039745049,0.850250731,0.160593397,0.426243209,0.053478897,0.023364832,0.010642232,0.005584629,0.047339904,0.110351906,0.058490671,0.144719567,0.025103094,0.080912403,0.168814838,0.225687446,0.039106274,0.056271613,0.036901085,0.013637961,0.051084565,0.126717458,0.054126523,0.021007082,0.047626533,0.087941048,0,0.12882374,0.052925733,0,0.50730936,0.220315048,0.055765094,0.100856187,0.062891802,0.0207297,0.049632931,0.264230876,0.001809937,0.001362425,0.051443972
16900,2011,0.248329534,0.301718625,0.142724629,0.039886801,0.030327804,1.085842308,0.151198805,0.030657967,0.721265705,0,0,2.454545455,0,0.169149055,0.02660881,0.064851809,0.090291644,0.084883264,0.14840584,0.811952889,0.028148046,0.1143778,0,0.004512224,0,0,0.062865935,0.04905781,0.052315009,0.012376716,0.305636133,0.396269795,0.005651174,0.006320258,0.012153133,0.000880434,-0.906312397,0,0,0,0,0,0,0,0,0.329190601,0.329712794,0.49462141,1.009295039,0,0,0,0,0,0,0,0,0,0,0,0.054964232,0.368173491,0.646185077,0.212581076,0.083948111,0.067042344,0.006834123,0.028875167,0.067761725,0.079611534,0.121775273,0.158583618,0.030633655,0.037247967,0.201386807,0.195831585,0.045770637,0.074495933,0.038367004,0.0256979,0.048738085,0.130447815,0.062286434,0.020462402,0.067322103,0.128967103,0,0.159908894,0.075635489,0,0.483186145,0.272008423,0.077352607,0.133385289,0.088064265,0.02094199,0.070179646,0.350931477,0.012892413,0.012140355,0.065815767
16900,2016,0.24830558,0.346689514,0.167791411,0.042959392,0.038358165,1.06231376,0.143879638,0.049211218,0.717416378,0,0,3.375,0,0.157324209,0.03046584,0.074142194,0.096129126,0.0942156,0.154112275,0.862187669,0.030930572,0.124291557,0,0.002001169,0,0,0.056604805,0.047216247,0.052101943,0.011678157,0.270004623,0.405479287,0.005105425,0.007960853,0.014168858,0.001665206,-0.874218522,0,0,0,0,0,0,0,0,0.335061911,0.342046777,0.468197693,0.997460049,0,0,0,0,0,0,0,0,0,0,0,0.062226117,0.41999419,0.575492146,0.227917681,0.093826112,0.05439895,0.0060342,0.018777117,0.076421045,0.087950555,0.113949206,0.16071396,0.036481978,0.050461224,0.201771977,0.211288147,0.057370474,0.08373136,0.043223831,0.027965144,0.06993109,0.146698509,0.068636745,0.022514311,0.070860831,0.115696167,0,0.139313783,0.086812325,0,0.506864184,0.258266166,0.091163355,0.137054727,0.086575273,0.026962482,0.079720713,0.353741633,0.011055054,0.010070149,0.081204398
16900,2021,0.24899372,0.397975735,0.183215115,0.027310511,0.049940344,1.073894403,0.143383462,0.043070105,0.664561098,0,0,3.25,0,0.151194886,0.022617603,0.054373905,0.100300245,0.096524236,0.158491041,0.875948393,0.02879889,0.126771643,0,0.004221788,0,0,0.052404509,0.049485038,0.049793204,0.013324068,0.241674629,0.405350473,0.005298358,0.010344692,0.018080266,0.002464895,-0.859474768,0,0,0,0,0,0,0,0,0.335365264,0.331301403,0.470149976,0.984421867,0,0,0,0,0,0,0,0,0,0,0,0.047842561,0.463802629,0.515679177,0.24320823,0.064564679,0.044813884,0.006406617,0.012034709,0.054902279,0.080709779,0.094285761,0.168702253,0.029422737,0.074219447,0.175038521,0.242981105,0.043719082,0.087454383,0.043110859,0.02742681,0.061941448,0.096975103,0.048560538,0.013656638,0.051042089,0.109146183,0,0.131625119,0.05763919,0,0.479874924,0.249057587,0.062689841,0.135301273,0.083107615,0.029129835,0.054561674,0.303952054,0.007018153,0.006271172,0.055571962
16950,2011,0.192270396,0.304554378,0.232836271,0.0649054,0.046513382,0.756626298,0.122635004,0.074677843,0.724204436,0,0,2.090909091,0,0.14018204,0.046931533,0.114217731,0.114252467,0.112442357,0.121808792,1.038101368,0.011705354,0.147631772,0,0.00070034,0,0,0.059808926,0.066849889,0.050425337,0.012686321,0.223120295,0.390936628,0.006358156,0.0084365,0.017713418,0.002176466,-0.85490944,0,0,0,0,0,0,0,0,0.327423506,0.324182633,0.519206939,1.112953961,0,0,0,0,0,0,0,0,0,0,0,0.079289316,0.380922404,0.636819959,0.158670731,0.123285402,0.067687475,0.002866117,0.025415522,0.097395629,0.058107578,0.145439079,0.124918204,0.046499149,0.03228635,0.203546656,0.157204554,0.063218165,0.084373773,0.045713912,0.029223924,0.074898573,0.201779872,0.119945033,0.01826986,0.095066091,0.152820682,0,0.139474552,0.114971658,0,0.478106349,0.318567615,0.118942413,0.1330585,0.08332679,0.031501112,0.099764429,0.28458747,0.010227034,0.00955223,0.105374441
16950,2016,0.193075765,0.338909222,0.264375314,0.068309082,0.055153036,0.772774711,0.116447566,0.089653788,0.720616947,0,0,3.285714286,0,0.128979858,0.055674034,0.136503167,0.125489212,0.125439037,0.130112829,1.14187015,0.002754973,0.153998996,0,0.001013547,0,0,0.050844814,0.065545049,0.047772764,0.012317102,0.190858971,0.397766648,0.005990208,0.010235825,0.019548419,0.003432012,-0.824234822,0,0,0,0,0,0,0,0,0.329326697,0.349516387,0.468400789,1.064419194,0,0,0,0,0,0,0,0,0,0,0,0.090015053,0.419225294,0.575530082,0.170420319,0.135476137,0.053040849,0.002604042,0.017748284,0.108481736,0.064323345,0.132066867,0.140059283,0.05730298,0.041352662,0.196407143,0.181298901,0.080761292,0.09184947,0.051060817,0.02876446,0.097237556,0.198819181,0.116389862,0.016692267,0.103333653,0.133636351,0,0.118485473,0.130620204,0,0.505253707,0.297083456,0.135822038,0.133994144,0.079177267,0.035784573,0.1124778,0.285018868,0.009174698,0.008347011,0.123156994
16950,2021,0.195759737,0.395102748,0.280270153,0.048585197,0.065115036,0.828933669,0.115690448,0.090932545,0.684471366,0,0,3.285714286,0,0.123771537,0.056200124,0.136156737,0.132026794,0.130211645,0.129078971,1.171290117,0.001734871,0.148271001,0,0.00309589,0,0,0.043921216,0.062783761,0.046191301,0.012419441,0.175826623,0.396259324,0.004935614,0.011047535,0.022500484,0.005325667,-0.812965881,0,0,0,0,0,0,0,0,0.335093948,0.335613473,0.473547493,1.038271712,0,0,0,0,0,0,0,0,0,0,0,0.07068948,0.467644679,0.515492443,0.187201441,0.095029889,0.044107648,0.003333845,0.01133946,0.07985875,0.066389586,0.110671243,0.160940464,0.045498909,0.060195644,0.177033755,0.221163336,0.059948896,0.09631961,0.055403242,0.026813327,0.082249468,0.153587173,0.092163271,0.01075823,0.074682517,0.118665034,0,0.107717619,0.086379436,0,0.497841442,0.2775077,0.087746754,0.135305858,0.074814116,0.043076788,0.077182901,0.260919583,0.008757932,0.007867295,0.084709491
17000,2011,0.273552481,0.318387681,0.103595664,0.046972768,0.037234511,0.531770512,0.153256367,0.081210893,0.751665657,0,0,2.454545455,0,0.171762245,0.060933888,0.14976884,0.072177668,0.077289151,0.160548661,0.70804141,-0.035349426,0.108090244,0,-0.001806645,0,0,0.059036622,0.035037075,0.025188204,0.021531856,0.344257119,0.359664078,0.007640336,0.007094386,0.014497224,0.001410064,-0.884859434,0,0,0,0,0,0,0,0,0.342146597,0.328272251,0.484816754,1.104450262,0,0,0,0,0,0,0,0,0,0,0,0.059354896,0.379082294,0.595418286,0.233994682,0.077657326,0.050602819,0.003452765,0.022414671,0.064470482,0.08597951,0.087677591,0.140148299,0.039225675,0.038659648,0.173657101,0.178807947,0.05063112,0.047036848,0.023546726,0.01590536,0.056715911,0.189845475,0.092092602,0.023716534,0.071602423,0.148134116,0,0.182673486,0.082717686,0,0.524152302,0.293237356,0.083271237,0.107431935,0.070243958,0.013641252,0.074319352,0.367114984,0.013260087,0.012565511,0.074256488
17000,2016,0.263583765,0.340248276,0.127158829,0.051420368,0.05664071,0.524252839,0.145125506,0.107887067,0.75862069,0,0,3.375,0,0.165109711,0.055542815,0.135348347,0.080045243,0.08335146,0.156722303,0.761930353,-0.020552404,0.119676339,0,-0.003654239,0,0,0.055442158,0.037071771,0.02598334,0.017035228,0.305284135,0.373167909,0.005014142,0.010875712,0.020750859,0.002479662,-0.81237221,0,0,0,0,0,0,0,0,0.330645161,0.34562212,0.487615207,1.094758065,0,0,0,0,0,0,0,0,0,0,0,0.079610214,0.411406947,0.552844979,0.23874848,0.107446952,0.044739891,0.002041154,0.016991229,0.087659293,0.095327412,0.080156672,0.143542781,0.049594528,0.042312572,0.175594417,0.186020853,0.072488553,0.057648811,0.027141833,0.019473713,0.100182049,0.210294037,0.099078722,0.029569151,0.085562972,0.143095912,0,0.173887889,0.10709694,0,0.540884546,0.295641553,0.108245802,0.113366801,0.073978044,0.017818723,0.092513929,0.371496529,0.010542556,0.009578298,0.101825662
17000,2021,0.2648818,0.372205128,0.143996419,0.028888798,0.082719616,0.565528746,0.152744436,0.091508321,0.718050066,0,0,3.375,0,0.160996785,0.042232278,0.10375817,0.08654433,0.089311145,0.15667481,0.82190496,-0.022841727,0.12536111,0,-0.000651015,0,0,0.048561612,0.036818625,0.023537254,0.017226429,0.273830857,0.375108388,0.008844442,0.015705741,0.029824633,0.003824714,-0.775521829,0,0,0,0,0,0,0,0,0.316071908,0.343976389,0.481620606,1.073785887,0,0,0,0,0,0,0,0,0,0,0,0.060869919,0.432842105,0.515488722,0.231278195,0.078917293,0.035946875,0.003025486,0.011794267,0.067483719,0.083636737,0.068047792,0.15071022,0.045279729,0.061227629,0.151735808,0.212194246,0.054535665,0.067893954,0.030613815,0.019896416,0.080149736,0.14712066,0.074201323,0.01687093,0.067893954,0.123244118,0,0.154748829,0.080409272,0,0.505925198,0.27631655,0.079651031,0.125429465,0.078765192,0.023691093,0.071124558,0.344239551,0.010463033,0.009942771,0.077692352
17100,2011,0.360691145,0.671092848,0.120069342,0.024752757,0.002927134,2.111515289,0.106314653,0.074855064,0.808112324,0,0,2.230769231,0,0.129810802,0.018126184,0.043479528,0.068830283,0.068858702,0.213673858,0.534707225,-0.013229011,0.095859266,0,0.000625231,0,0,0.034065822,0.039737798,0.046904188,0.005851927,0.341639295,0.449465776,0.00241628,0.000653632,0.000824145,8.53E-05,-0.922445152,0,0,0,0,0,0,0,0,0.351133391,0.299476896,0.400174368,0.27070619,0,0,0,0,0,0,0,0,0,0,0,0.085230341,0.827209617,0.207924145,0.401794785,0.123560786,0.036647081,0.014740346,0.013687464,0.099140713,0.148795979,0.076860374,0.149814897,0.047889142,0.055700846,0.225656353,0.205515742,0.068301464,0.04795707,0.031994022,0.012668546,0.0914309,0.137893557,0.052847876,0.032095914,0.101042693,0.084871824,0,0.117680372,0.113451882,0,0.480915166,0.190093253,0.11481386,0.101076657,0.060829399,0.015147913,0.10352206,0.252878771,0.004152981,0.0038887,0.105976517
17100,2016,0.386907124,0.721754437,0.114804525,0.031156976,0.002877555,2.229137726,0.10083846,0.065464378,0.791630716,0,0,2.727272727,0,0.123841558,0.020152101,0.048933501,0.068465965,0.068143481,0.221524572,0.489561695,-0.035514989,0.097018258,0,0.001041873,0,0,0.0317139,0.033474154,0.041101919,0.005365156,0.3159589,0.475970605,0.001625805,0.000843421,0.000769002,0.000272872,-0.930740226,0,0,0,0,0,0,0,0,0.383472057,0.325604439,0.333135157,0.215219976,0,0,0,0,0,0,0,0,0,0,0,0.072062909,0.85955828,0.17013632,0.439184191,0.094297087,0.032388664,0.014140703,0.01152966,0.078507305,0.156017133,0.067359033,0.161649944,0.044534413,0.065510767,0.223112128,0.227395412,0.062019597,0.049345772,0.031977938,0.012996538,0.085665669,0.150354984,0.054069119,0.036173209,0.078595318,0.080184691,0,0.111335111,0.090947519,0,0.490732913,0.183163166,0.09118898,0.104060318,0.061462184,0.016517045,0.08493223,0.249593549,0.00325161,0.002438707,0.089256682
17100,2021,0.38918255,0.771610344,0.120939618,0.020090803,0.004364705,2.344767837,0.10459939,0.048867151,0.718723404,0,0,2.454545455,0,0.118074414,0.0156243,0.037404307,0.070449411,0.067291032,0.22399928,0.480783046,-0.058486068,0.09635251,0,0.003553177,0,0,0.032454988,0.027973109,0.036395951,0.009361538,0.29531647,0.465094444,0.001629294,0.001272125,0.001008927,0.000197399,-0.945868883,0,0,0,0,0,0,0,0,0.364004222,0.3421886,0.327762139,0.203377903,0,0,0,0,0,0,0,0,0,0,0,0.052529994,0.882107197,0.134870078,0.463601078,0.070309028,0.023748809,0.013651701,0.007959199,0.061175077,0.118110642,0.057381271,0.177423509,0.035283816,0.072766144,0.175591788,0.250083713,0.047742318,0.050253716,0.034232285,0.011256214,0.065837261,0.096154341,0.035339876,0.020219973,0.061072045,0.081602784,0,0.113746824,0.068319894,0,0.425245775,0.18855628,0.068254225,0.092883085,0.055121964,0.016330526,0.065167555,0.218629184,0.001574064,0.001187452,0.067463824
17150,2011,0.250693578,0.514320404,0.149020928,0.035335739,0.008247061,1.041107259,0.134803166,0.036322162,0.728728369,0,0,2.454545455,0,0.152500805,0.023493958,0.057422301,0.08618392,0.082812063,0.153734971,0.71695847,0.021729348,0.12139219,0,0.002959281,0,0,0.048642434,0.047891653,0.053182317,0.006832922,0.321393613,0.382896224,0.00480578,0.001640876,0.002418632,0.000583317,-0.949279864,0,0,0,0,0,0,0,0,0.363633598,0.330717045,0.440570716,0.959356271,0,0,0,0,0,0,0,0,0,0,0,0.048401324,0.588083252,0.395359695,0.283256198,0.065517755,0.028500372,0.003243611,0.008991782,0.056795453,0.073723231,0.082673956,0.175782602,0.02889336,0.070637988,0.156397187,0.24642059,0.043973511,0.042747626,0.026136584,0.010182475,0.047821267,0.174715084,0.08273261,0.026130718,0.059223762,0.107476429,0,0.139759143,0.066415747,0,0.556119001,0.249502687,0.06981982,0.120435923,0.081471532,0.021661222,0.06187496,0.335798321,0.010584082,0.010198862,0.060056457
17150,2016,0.23840999,0.557092036,0.169332247,0.037333382,0.011146001,1.110521642,0.139157939,0.042931559,0.720640047,0,0,3,0,0.151665034,0.024193088,0.05914183,0.092884869,0.089392303,0.14538368,0.782765143,0.022848868,0.124871832,0,0.003652776,0,0,0.044798489,0.047598041,0.052501499,0.005791874,0.302328444,0.379481624,0.004019228,0.001853852,0.003584115,0.000709499,-0.939738355,0,0,0,0,0,0,0,0,0.342019352,0.345783948,0.442016411,0.929119732,0,0,0,0,0,0,0,0,0,0,0,0.043206203,0.633772356,0.347132108,0.291949959,0.062939508,0.023957379,0.003444297,0.006226882,0.054956056,0.080128042,0.064326394,0.16617746,0.02999146,0.07725067,0.144451231,0.243380049,0.049532277,0.052891739,0.033294875,0.012091803,0.055397197,0.191591164,0.091406789,0.027933308,0.050131777,0.094898104,0,0.122411045,0.059063575,0,0.579045849,0.231798066,0.06101558,0.121805966,0.0788286,0.02670603,0.056160711,0.346139879,0.008087697,0.007459885,0.056109165
17150,2021,0.231935051,0.605215204,0.187805969,0.025589568,0.014217392,1.189035276,0.142908028,0.034316345,0.64828726,0,0,3,0,0.146563788,0.017403709,0.042626605,0.099652058,0.093983346,0.142500156,0.829949952,0.024041152,0.124112227,0,0.004430718,0,0,0.041513033,0.045807669,0.049430934,0.006871218,0.278397546,0.375454921,0.002320593,0.002823497,0.004222214,0.00097302,-0.944568244,0,0,0,0,0,0,0,0,0.329821514,0.335929838,0.475944969,0.932191992,0,0,0,0,0,0,0,0,0,0,0,0.033764677,0.67396672,0.301443311,0.288692074,0.043836107,0.018441356,0.003815086,0.003591296,0.039184552,0.081368088,0.05436439,0.151168491,0.022234892,0.084251583,0.135749909,0.235405699,0.036309917,0.055249472,0.034298472,0.011908822,0.044512884,0.135781879,0.068085424,0.019267248,0.038918136,0.097181895,0,0.132619044,0.042461187,0,0.545305328,0.24826946,0.046965278,0.121997485,0.078166628,0.027611415,0.04062853,0.301648753,0.00324317,0.002909231,0.040870732
17200,2011,0.485071237,0.698604125,0.078853131,0.04225834,0.012843279,1.718810655,0.03409339,0.243042978,0.845367623,0,0,1.461538462,0,0.051355634,0.119618581,0.296006554,0.045697767,0.050210908,0.245140291,0.215673343,-0.069979316,0.082829415,0,-0.002684287,0,0,0.045974457,0.018608255,0.018417727,0.017898202,0.17673785,0.564868185,-0.029371004,0.002448305,0.00263709,0.000696145,-0.846211026,0,0,0,0,0,0,0,0,0.568349038,0.254291984,0.226022977,0.621659997,0,0,0,0,0,0,0,0,0,0,0,0.138450193,0.855509988,0.139507867,0.530984422,0.182101701,0.019262402,0.007456004,0.008999282,0.148332561,0.086544263,0.0648431,0.152657551,0.080364798,0.073181885,0.151387363,0.225839436,0.103628292,0.026686651,0.013273465,0.011730187,0.147392621,0.150879288,0.042913303,0.028642741,0.146312962,0.038048442,0,0.068907682,0.183564837,0,0.673564522,0.105097798,0.184928254,0.063401437,0.037984974,0.007144808,0.149723417,0.14694951,0.003244197,0.003000094,0.18015528
17200,2016,0.507865665,0.73609353,0.08212157,0.044712872,0.01158014,1.890811714,0.035330703,0.255977233,0.826859682,0,0,1.666666667,0,0.048588377,0.133989079,0.33245588,0.047889852,0.049660706,0.269419762,0.22043409,-0.047169626,0.077159338,0,-0.00214998,0,0,0.037357978,0.015406307,0.016605261,0.018884823,0.172042529,0.565214054,-0.025665959,0.002010807,0.002289153,0.000671869,-0.855754557,0,0,0,0,0,0,0,0,0.549938221,0.273270181,0.225494234,0.580313015,0,0,0,0,0,0,0,0,0,0,0,0.128754067,0.884567656,0.109196615,0.524303832,0.165175469,0.01542689,0.007023917,0.006648279,0.136979252,0.109937326,0.053458408,0.137096193,0.076356657,0.068258068,0.163407706,0.20537111,0.100053516,0.026222625,0.013826568,0.010697966,0.139382307,0.161349415,0.044407624,0.033159065,0.134447555,0.032958878,0,0.059315745,0.171332429,0,0.647636838,0.094136237,0.17261837,0.060760744,0.034805697,0.008500741,0.138852297,0.1408621,0.002859592,0.002616495,0.168715934
17200,2021,0.448755387,0.800667679,0.096332313,0.046084713,0.014218077,2.026054661,0.046372949,0.137654041,0.74075067,0,0,1.727272727,0,0.057675291,0.066986665,0.165470388,0.053569403,0.057118016,0.209336438,0.245393269,-0.050981269,0.08479814,0,-0.002003478,0,0,0.040914296,0.015592728,0.016870821,0.019339472,0.168953749,0.523445554,-0.033346369,0.002565775,0.002499622,0.000992289,-0.907721895,0,0,0,0,0,0,0,0,0.51138647,0.28641996,0.256446752,0.552243804,0,0,0,0,0,0,0,0,0,0,0,0.070046118,0.89598354,0.093545466,0.546446052,0.086885753,0.012136766,0.007530521,0.005158381,0.077518865,0.073168238,0.042770087,0.144035909,0.044666776,0.076143637,0.115948549,0.220153985,0.058756467,0.029713094,0.016533404,0.010495695,0.07800454,0.127916607,0.041757837,0.020889143,0.077232572,0.042945003,0,0.088111913,0.091110005,0,0.61278396,0.133592852,0.0923711,0.065024233,0.03928345,0.010209403,0.079267295,0.135998436,0.001244267,0.000977639,0.08970576
17310,2011,0.233336886,0.319782467,0.168336531,0.05844525,0.083884033,0.358452356,0.142275989,0.07541036,0.754956787,0,0,2.272727273,0,0.163036021,0.055960152,0.135598657,0.097846941,0.095857315,0.143958429,0.900379097,0.036221917,0.127264975,0,0.003375258,0,0,0.059306036,0.058070026,0.055710369,0.018479087,0.263574144,0.400785805,0.008745247,0.015277482,0.033113053,0.002895616,-0.786683721,0,0,0,0,0,0,0,0,0.347374034,0.324046921,0.477206078,1.108104505,0,0,0,0,0,0,0,0,0,0,0,0.068642081,0.396380882,0.618948141,0.205318578,0.1091099,0.065890602,0.003415884,0.025776439,0.086857836,0.059710549,0.124320194,0.155602499,0.040361365,0.043799721,0.184030743,0.19940222,0.058609376,0.067486179,0.035192593,0.023349364,0.067665963,0.212211785,0.112791586,0.027237179,0.084071194,0.139188847,0,0.1521673,0.102027883,0,0.505120406,0.289860583,0.105030023,0.11912895,0.076587712,0.021596476,0.088498359,0.326108999,0.011229404,0.010291508,0.091761724
17310,2016,0.237031326,0.355660238,0.187117644,0.059316494,0.101084424,0.409298895,0.14048908,0.09912341,0.747567844,0,0,3.125,0,0.157303144,0.059226,0.145713064,0.104268977,0.10038047,0.145535003,0.94030469,0.028518712,0.128940885,0,0.002832576,0,0,0.05278654,0.056887487,0.055562566,0.017500122,0.242997507,0.41834091,0.006868065,0.018336322,0.038399008,0.00519585,-0.724519384,0,0,0,0,0,0,0,0,0.332411796,0.348736177,0.456819379,1.066745656,0,0,0,0,0,0,0,0,0,0,0,0.087441128,0.442702402,0.556476602,0.229481713,0.129585,0.054511041,0.003869611,0.01913775,0.102797056,0.065029023,0.101097838,0.178577438,0.052704635,0.055583596,0.166014721,0.234111462,0.079305994,0.070262881,0.035962145,0.023322818,0.106561514,0.218191377,0.108370137,0.027150368,0.100925342,0.121303221,0,0.138949993,0.127902429,0,0.524832576,0.273182774,0.130764327,0.121556257,0.073270242,0.02597266,0.111608833,0.32519431,0.010656499,0.009361099,0.120301119
17310,2021,0.244204852,0.396672226,0.19858887,0.038068812,0.127350563,0.481591882,0.145600127,0.088156017,0.710368242,0,0,3.428571429,0,0.156075091,0.044930116,0.108295425,0.102869827,0.103630886,0.145186438,0.958653045,0.030279801,0.121151102,0,0.002140479,0,0,0.047393083,0.054759163,0.052376603,0.019929555,0.221699585,0.425007802,0.007200499,0.024211194,0.046329475,0.007689868,-0.680799112,0,0,0,0,0,0,0,0,0.319240725,0.334648096,0.486133366,1.030075188,0,0,0,0,0,0,0,0,0,0,0,0.072205486,0.476478785,0.505237615,0.242732209,0.096823795,0.044712703,0.004268753,0.014414486,0.079915022,0.066182165,0.086614642,0.192927067,0.042393916,0.079557638,0.15296033,0.272465552,0.064309256,0.083469007,0.042985347,0.023607195,0.091192471,0.154767105,0.07794941,0.017472104,0.077711154,0.101988497,0,0.122497659,0.089036515,0,0.49757011,0.245574925,0.091521847,0.128042727,0.074852083,0.030754874,0.080709209,0.300392349,0.009853315,0.008961612,0.087208525
17350,2011,0.181613573,0.253857857,0.215893352,0.061288089,0.01783241,0.3125,0.144563712,0.048995845,0.742296919,0,0,2.090909091,0,0.160113254,0.04204315,0.101512078,0.108206371,0.10734072,0.116084751,1.060154242,0.008196721,0.137441579,0,-0.001038601,0,0,0.050445749,0.079582518,0.053924766,0.014482259,0.268645909,0.382573015,0.005792904,0.003289474,0.005713296,0.001038781,-0.930055402,0,0,0,0,0,0,0,0,0.325748503,0.331736527,0.499401198,1.111377246,0,0,0,0,0,0,0,0,0,0,0,0.055392072,0.316629956,0.739262115,0.161894273,0.080121145,0.098282235,0.001304631,0.026310067,0.063274625,0.071102414,0.162209176,0.130245706,0.02739726,0.025440313,0.233311589,0.155686019,0.04261796,0.085670798,0.04718417,0.02587519,0.045009785,0.32767993,0.18590998,0.033268102,0.065666449,0.161959932,0,0.1564084,0.091479604,0,0.451605117,0.324402607,0.095337509,0.130245706,0.089149815,0.02435312,0.077408132,0.308713493,0.011103065,0.011103065,0.076997345
17350,2016,0.195253682,0.283225284,0.239443535,0.058592471,0.023076923,0.319148936,0.1400982,0.065793781,0.718662953,0,0,3.428571429,0,0.153933523,0.041152978,0.096544539,0.11898527,0.116366612,0.120461095,1.144883485,0.022921348,0.140752864,0,-0.004582651,0,0,0.046817998,0.071949737,0.050668829,0.012640772,0.239485176,0.381061825,0.004826477,0.004255319,0.008183306,0.001800327,-0.893780687,0,0,0,0,0,0,0,0,0.325056433,0.351015801,0.472911964,1.086907449,0,0,0,0,0,0,0,0,0,0,0,0.071685761,0.350268062,0.667858055,0.176665816,0.111564973,0.070125659,0.003242805,0.015808675,0.089177138,0.067882472,0.127254306,0.160081054,0.045592705,0.03546818,0.193149574,0.195581678,0.071037698,0.0804621,0.043575193,0.025334414,0.07742197,0.32914471,0.182205107,0.033441427,0.085326307,0.145483797,0,0.138129166,0.11376695,0,0.465640083,0.29786256,0.112913835,0.130725578,0.081070126,0.027969193,0.095460073,0.291197426,0.00827396,0.007354631,0.094231211
17350,2021,0.193404044,0.333333333,0.270467352,0.053032814,0.034305602,0.346702022,0.137222406,0.076731853,0.676012461,0,0,3.285714286,0,0.144621514,0.054195804,0.131031469,0.1221412,0.124461385,0.127782861,1.277310924,0.006796117,0.142857143,0,0.002154458,0,0,0.040696497,0.072686779,0.057299048,0.017999544,0.2050581,0.392116655,0.005923901,0.005800464,0.011103745,0.003811734,-0.880344713,0,0,0,0,0,0,0,0,0.310559006,0.331677019,0.479503106,1.065838509,0,0,0,0,0,0,0,0,0,0,0,0.057176003,0.395455644,0.593908629,0.162194827,0.086777858,0.050212594,0.003644462,0.010730917,0.071876898,0.061245184,0.108294464,0.178665585,0.031839383,0.057703989,0.169669974,0.235877708,0.051022474,0.090504151,0.052439765,0.022879125,0.067625025,0.251467908,0.142134035,0.020651954,0.057703989,0.123946229,0,0.10936432,0.069264069,0,0.492367282,0.268853953,0.07027027,0.138692043,0.078355942,0.042923669,0.0603361,0.279106858,0.007974482,0.008202324,0.06539075
17400,2011,0.160475701,0.285558781,0.209073557,0.078255763,0.067390985,0.474086037,0.125091763,0.084715901,0.794044665,0,0,2.090909091,0,0.14900909,0.068630573,0.164888535,0.104536779,0.115107914,0.085168869,1.040487593,0.033333333,0.176945668,0,-0.007929515,0,0,0.064223512,0.06095791,0.039550073,0.009094755,0.226522843,0.399323181,0.005499154,0.009838473,0.027165932,0.002202643,-0.810132159,0,0,0,0,0,0,0,0,0.329723225,0.358604091,0.409145608,1.050541516,0,0,0,0,0,0,0,0,0,0,0,0.083700441,0.363529412,0.683764706,0.156705882,0.126823529,0.092525399,0.004716981,0.038642961,0.097786647,0.055696662,0.163461538,0.108309144,0.048076923,0.022859216,0.2191582,0.13116836,0.066309869,0.084724238,0.041545718,0.035195936,0.073657475,0.274310595,0.164550073,0.02467344,0.089622642,0.183164129,0,0.164128596,0.115693739,0,0.458121827,0.352580372,0.118165062,0.132619739,0.087626996,0.025580552,0.093795356,0.269247039,0.009940778,0.009940778,0.10427242
17400,2016,0.147706699,0.297906602,0.276252263,0.067742909,0.05974653,0.463789982,0.111345806,0.137296319,0.738515901,0,0,3,0,0.118377656,0.0898931,0.220521542,0.126131563,0.134278817,0.090788777,1.284898806,0.046694406,0.195835848,0,-0.004677127,0,0,0.046503309,0.065104632,0.04632445,0.0124197,0.170235546,0.413276231,0.001070664,0.009656005,0.021575136,0.003017502,-0.771273386,0,0,0,0,0,0,0,0,0.279552716,0.345047923,0.552715655,1.127795527,0,0,0,0,0,0,0,0,0,0,0,0.128696439,0.390850913,0.617681915,0.145532117,0.184877933,0.067966375,0.003577178,0.026471114,0.139688786,0.061425501,0.143445559,0.114075931,0.070916905,0.032731175,0.204793418,0.147737435,0.10865677,0.072974423,0.03040601,0.03362547,0.142908245,0.272759793,0.165086747,0.021641925,0.137005902,0.171948608,0,0.124197002,0.180085653,0,0.47130621,0.335974304,0.189228229,0.128062958,0.082096226,0.031479163,0.149704883,0.238543897,0.004282655,0.004925054,0.16509636
17400,2021,0.151835536,0.340955631,0.328340675,0.046989721,0.075477239,0.515124816,0.097063142,0.13671072,0.769811321,0,0,3,0,0.107223573,0.076117103,0.183590139,0.142143906,0.156681351,0.105686546,1.468599034,0.053529133,0.175330396,0,-0.010425844,0,0,0.035006831,0.067452186,0.038080601,0.010756972,0.142031873,0.416334661,0.002988048,0.012481645,0.025550661,0.005286344,-0.758296623,0,0,0,0,0,0,0,0,0.296296296,0.320987654,0.552028219,1.126984127,0,0,0,0,0,0,0,0,0,0,0,0.098531571,0.4248394,0.574089936,0.136188437,0.139828694,0.058572404,0.003927596,0.016564208,0.111509563,0.066928462,0.137100905,0.129588527,0.054976951,0.039959016,0.203381148,0.169228142,0.084614071,0.094262295,0.057206284,0.02885929,0.114583333,0.222165301,0.142588798,0.015539617,0.105191257,0.149003984,0,0.102191235,0.126494024,0,0.449601594,0.316135458,0.127126744,0.145662568,0.080259563,0.043886612,0.109460383,0.203187251,0.006573705,0.005378486,0.124302789
17420,2011,0.243830649,0.61716814,0.115952011,0.028727512,0.003732222,1.557160686,0.157848262,0.028715739,0.714898178,0,0,2.818181818,0,0.170594042,0.019224475,0.046933902,0.077364133,0.08101394,0.146120205,0.753193338,0.032419514,0.12551215,0,-0.00130098,0,0,0.037894894,0.030176673,0.038621051,0.003365694,0.378592918,0.344785159,0.006032847,0.000759395,0.00115381,0.00016483,-0.964237779,0,0,0,0,0,0,0,0,0.322936614,0.341144396,0.444289377,0.733536724,0,0,0,0,0,0,0,0,0,0,0,0.038228784,0.701638387,0.286228275,0.306124201,0.049022807,0.023237012,0.004925887,0.008055098,0.042738434,0.112397065,0.067427759,0.1600539,0.022885162,0.070384788,0.179824824,0.230438688,0.034462494,0.034795628,0.01880521,0.010031442,0.040013475,0.196399162,0.092558766,0.035072616,0.046968109,0.113909682,0,0.14962255,0.049969439,0,0.54806036,0.255903855,0.051106312,0.115107052,0.078477317,0.018790238,0.048682437,0.348174667,0.009390603,0.008882574,0.045976647
17420,2016,0.238261799,0.662516685,0.135020319,0.028344664,0.005170341,1.686644239,0.162360169,0.030519642,0.71735571,0,0,4,0,0.170348442,0.021474902,0.052882192,0.085911615,0.084951317,0.147358964,0.807651282,0.026418112,0.118370929,0,0.001965111,0,0,0.033724044,0.030585418,0.039329887,0.003038757,0.368573759,0.345225117,0.004317782,0.001189242,0.001634413,0.000286181,-0.961416406,0,0,0,0,0,0,0,0,0.301003344,0.36392787,0.441816364,0.674412992,0,0,0,0,0,0,0,0,0,0,0,0.033934738,0.74816464,0.239056836,0.319858691,0.044803032,0.018985447,0.005282274,0.00543597,0.039418869,0.122121288,0.05769153,0.147424023,0.022973071,0.074623244,0.179872352,0.222025384,0.03674133,0.040648434,0.022641784,0.010629262,0.044377573,0.216112149,0.098260004,0.040607987,0.039281352,0.106330744,0,0.140898751,0.04485171,0,0.558624834,0.246534186,0.04621292,0.117002775,0.07658084,0.022164519,0.044248146,0.357174128,0.007090433,0.006103266,0.043512597
17420,2021,0.2284392,0.71574346,0.148106069,0.017229878,0.006290521,1.877295754,0.169614751,0.026110613,0.647499549,0,0,3.875,0,0.168120907,0.015437238,0.036705202,0.088588463,0.085362422,0.144347614,0.815204027,0.025993056,0.109487377,0,0.004226688,0,0,0.03441503,0.032159933,0.037853888,0.004263157,0.368507826,0.338058677,0.002559274,0.001282078,0.001928329,0.000411724,-0.967406033,0,0,0,0,0,0,0,0,0.280572734,0.365284974,0.455652125,0.553902724,0,0,0,0,0,0,0,0,0,0,0,0.024937981,0.795288918,0.192944463,0.3345504,0.033245133,0.015435181,0.005118608,0.003498376,0.029759346,0.118922279,0.050294958,0.132268134,0.018352204,0.077579309,0.169185189,0.209843069,0.028727689,0.04700654,0.027821682,0.010488516,0.035030057,0.137150906,0.063618869,0.025229312,0.030070166,0.108993329,0,0.152335424,0.033484406,0,0.510723426,0.261390838,0.035471693,0.109335838,0.071561308,0.021175428,0.032569951,0.331243145,0.003035257,0.002455799,0.03162876
17550,2011,0.193196639,0.343183508,0.228740967,0.050713824,0.034545561,0.831690265,0.121567475,0.083919864,0.78430567,0,0,2.181818182,0,0.136986238,0.069402154,0.170051987,0.110428294,0.103683685,0.118408019,0.949866755,0.046606899,0.136087513,0,0.004476718,0,0,0.064492609,0.070668802,0.064850027,0.009011452,0.223531851,0.420316438,0.007926888,0.006321528,0.012960308,0.001809508,-0.884778982,0,0,0,0,0,0,0,0,0.341336012,0.32938222,0.484982421,1.075941738,0,0,0,0,0,0,0,0,0,0,0,0.071803729,0.424095913,0.57635011,0.192003711,0.109757185,0.066008063,0.002673491,0.020215595,0.087953564,0.062462471,0.144883196,0.132502216,0.039058702,0.035184285,0.207345667,0.167686501,0.06036085,0.083850399,0.052040145,0.024075716,0.063577617,0.180324822,0.09907643,0.018156864,0.088825666,0.129701107,0,0.136367986,0.104756133,0,0.491259689,0.2824811,0.110320122,0.122222858,0.076916478,0.029308324,0.093600778,0.287425436,0.01118058,0.010096016,0.095011005
17550,2016,0.187564982,0.382189727,0.253275109,0.051219752,0.03957492,0.844567751,0.115649385,0.109049917,0.784055242,0,0,3,0,0.127978764,0.077715485,0.191918143,0.116415493,0.114117171,0.116654064,1.040488495,0.03894743,0.148635782,0,0.00251721,0,0,0.052687635,0.069820649,0.064547941,0.008245596,0.201709196,0.428110122,0.005316832,0.007562575,0.012990993,0.00261571,-0.85303871,0,0,0,0,0,0,0,0,0.335932987,0.350086655,0.462353168,1.046601194,0,0,0,0,0,0,0,0,0,0,0,0.085070755,0.469334203,0.510814115,0.200782332,0.127129003,0.049610793,0.002537737,0.014069321,0.102521959,0.064170842,0.121977198,0.149302405,0.050232093,0.047217693,0.186070057,0.196483985,0.08055015,0.085717667,0.052556146,0.024299164,0.092384158,0.18198075,0.100483879,0.018276968,0.09642087,0.112419459,0,0.118427179,0.121671348,0,0.511542332,0.261275739,0.12861663,0.120943565,0.073436596,0.032477778,0.107610582,0.291224223,0.00836575,0.007554708,0.113125366
17550,2021,0.185662067,0.444919997,0.266212831,0.041594792,0.044449236,0.909848858,0.122125021,0.090890422,0.695219554,0,0,3,0,0.128741911,0.051317763,0.125,0.122350912,0.115995154,0.118546085,1.079762238,0.041411297,0.143913258,0,0.005216034,0,0,0.044485715,0.06477917,0.063561563,0.00739596,0.190859918,0.425654046,0.004719064,0.007998604,0.013964186,0.003747741,-0.849392147,0,0,0,0,0,0,0,0,0.310680479,0.342114663,0.486694053,1.024557957,0,0,0,0,0,0,0,0,0,0,0,0.071833415,0.525919427,0.441383344,0.21282445,0.097930833,0.038360781,0.00275499,0.008990616,0.082354533,0.062234029,0.097532777,0.162903107,0.042223206,0.065221937,0.15978944,0.228110741,0.067491114,0.089057523,0.055640966,0.021523362,0.084223991,0.142755236,0.080263692,0.012606541,0.075749935,0.099748869,0,0.110622033,0.087357876,0,0.514005409,0.250648526,0.091422506,0.133125069,0.077877674,0.03994736,0.078787804,0.272698421,0.008417044,0.007906502,0.084749972
17620,2011,0.23265959,0.305862832,0.163806893,0.055183946,0.038897775,0.418859968,0.141267995,0.071470118,0.783756345,0,0,2.181818182,0,0.163666788,0.057958744,0.140740456,0.095753962,0.09524502,0.140961471,0.864613044,0.004146625,0.127545084,0,0.000727167,0,0,0.052738337,0.054766734,0.041213351,0.020416581,0.285935244,0.367910909,0.004743246,0.007053519,0.01585224,0.001527051,-0.879435718,0,0,0,0,0,0,0,0,0.357643759,0.337073399,0.430107527,1.090696587,0,0,0,0,0,0,0,0,0,0,0,0.064645143,0.379686593,0.649564713,0.20789321,0.10446895,0.076802508,0.003226996,0.032177761,0.0829799,0.071823714,0.111100867,0.15037802,0.040291352,0.034113959,0.18292458,0.184491979,0.064954822,0.056057533,0.03365296,0.016134981,0.062419325,0.229208925,0.120320856,0.021482574,0.080767103,0.144462776,0,0.165704269,0.094040008,0,0.5,0.291297175,0.096134588,0.109072469,0.069518717,0.018439978,0.082426701,0.334811301,0.011445659,0.010826975,0.083419262
17620,2016,0.221230159,0.332410714,0.185657596,0.052012472,0.051232993,0.440263605,0.145195578,0.108205782,0.714452214,0,0,3,0,0.162171429,0.04635514,0.112934579,0.095804989,0.100481859,0.126352531,0.915340909,0.020997816,0.131164966,0,-0.004889456,0,0,0.04889801,0.057285625,0.041045775,0.018442838,0.269516923,0.375668029,0.005239443,0.009495465,0.019486961,0.002338435,-0.808956916,0,0,0,0,0,0,0,0,0.313136209,0.356761997,0.465826466,1.076587494,0,0,0,0,0,0,0,0,0,0,0,0.099914966,0.423103448,0.584137931,0.226896552,0.153908046,0.059337914,0.002676898,0.021147497,0.120281967,0.074424415,0.096019989,0.154292343,0.058540068,0.043276524,0.169447667,0.197822789,0.09016686,0.059694834,0.034531989,0.017935219,0.121709646,0.237083965,0.123672705,0.023199786,0.109663603,0.130566908,0,0.150267212,0.142931992,0,0.529288484,0.275385099,0.148054573,0.105202106,0.067368609,0.019095208,0.120638886,0.329770512,0.00817353,0.006496909,0.13035733
17620,2021,0.221519432,0.37253886,0.210766744,0.037177595,0.069576218,0.515074847,0.13809825,0.087286528,0.715984148,0,0,3.428571429,0,0.144074512,0.050080304,0.119250986,0.100780097,0.106683534,0.127642181,0.943168548,0.014542344,0.135849322,0,-0.005200647,0,0,0.048243721,0.055579529,0.035298179,0.019377967,0.228078675,0.379420599,0.007169848,0.012579942,0.022910956,0.005411484,-0.804132406,0,0,0,0,0,0,0,0,0.287409701,0.347781218,0.535603715,1.099587203,0,0,0,0,0,0,0,0,0,0,0,0.066765057,0.446083046,0.537182303,0.220479029,0.097583935,0.046431345,0.005264521,0.012945542,0.080693881,0.079537612,0.086093858,0.168305728,0.046152519,0.069474411,0.165702943,0.238456891,0.066496936,0.071373091,0.042633986,0.017951152,0.081556917,0.165098818,0.088892725,0.013722275,0.076551307,0.117430482,0,0.122953202,0.086231954,0,0.503827149,0.2545296,0.088934464,0.110554932,0.066367481,0.027185639,0.079399327,0.286987695,0.0057165,0.004553822,0.083809708
17640,2011,0.168636174,0.328459708,0.211594606,0.066036424,0.01682191,0.463784235,0.130960656,0.049353538,0.750677507,0,0,2.181818182,0,0.146069025,0.039291561,0.093317458,0.106353399,0.109689976,0.089220183,0.988128215,0.016606498,0.157675195,0,-0.004449388,0,0,0.050144484,0.062553119,0.033826279,0.008787011,0.28156638,0.35243553,0.004584527,0.003058529,0.006117058,0.000973168,-0.924927012,0,0,0,0,0,0,0,0,0.280597015,0.350248756,0.544278607,1.127363184,0,0,0,0,0,0,0,0,0,0,0,0.062430478,0.409227468,0.640343348,0.169527897,0.088626609,0.08873024,0.003739589,0.029236784,0.070202278,0.071392147,0.12918579,0.157572667,0.03654598,0.042835288,0.200577936,0.200407955,0.057708652,0.064932857,0.039095699,0.020397756,0.053204148,0.288628251,0.178990311,0.022777494,0.075301717,0.155109838,0,0.160076409,0.089398281,0,0.503342884,0.324546323,0.090858417,0.134625191,0.089240184,0.027027027,0.076151623,0.2913085,0.009360076,0.008787011,0.080038204
17640,2016,0.177517869,0.360044081,0.235867446,0.059519168,0.022871995,0.455230669,0.118388564,0.087459389,0.738461538,0,0,3.428571429,0,0.139171975,0.041027766,0.097527283,0.10994152,0.12748538,0.112112552,1.056218714,0.005563282,0.157634828,0,-0.008317089,0,0,0.04869209,0.060983297,0.024267255,0.009886488,0.253020871,0.359575247,0.001464665,0.004158545,0.007277453,0.00259909,-0.871734893,0,0,0,0,0,0,0,0,0.334645669,0.31003937,0.50492126,1.107283465,0,0,0,0,0,0,0,0,0,0,0,0.089798571,0.453418633,0.558176729,0.172730908,0.139544182,0.064607627,0.002521273,0.015915537,0.109990545,0.06982976,0.096941992,0.158259773,0.058638083,0.048849669,0.166561614,0.208477781,0.087220296,0.071383549,0.040655531,0.021745982,0.107626852,0.297195084,0.171919319,0.024739994,0.102269146,0.142072501,0,0.132369096,0.125778103,0,0.524533138,0.305382644,0.125575629,0.136148755,0.087141506,0.032146234,0.111093602,0.30281948,0.008055657,0.00823874,0.120468693
17640,2021,0.176767677,0.406703281,0.249588912,0.043810195,0.031477566,0.517735494,0.115104534,0.099953019,0.723404255,0,0,3.428571429,0,0.129026239,0.053064734,0.13032797,0.120977214,0.126967348,0.106502919,1.131422189,0.020245602,0.177002584,0,-0.004698144,0,0,0.042780749,0.055446102,0.018012947,0.012943432,0.221156919,0.343400447,0.000159795,0.006694856,0.009161381,0.002466526,-0.858468405,0,0,0,0,0,0,0,0,0.348727615,0.364750236,0.454288407,1.115928369,0,0,0,0,0,0,0,0,0,0,0,0.08210007,0.487933379,0.499830048,0.172671652,0.105880354,0.044610189,0.003236701,0.011820996,0.087953842,0.08,0.07971831,0.169295775,0.047323944,0.065719111,0.159161272,0.236842105,0.073459049,0.071348156,0.043202927,0.017731495,0.101322826,0.219110611,0.133408387,0.012806079,0.089361103,0.134547779,0,0.11760946,0.103547459,0,0.528922979,0.288750399,0.104516726,0.137630172,0.085420771,0.031663383,0.088798199,0.281879195,0.006871205,0.005592841,0.098434004
17650,2011,0.190918131,0.366498741,0.156612529,0.074411667,0.058833278,0.457905204,0.153795161,0.044414982,0.732283465,0,0,2.363636364,0,0.167633431,0.043704102,0.101200072,0.090155784,0.095956248,0.103466387,0.923006416,0.042253521,0.161637931,0,-0.006299735,0,0,0.054156171,0.042191436,0.031276238,0.008256664,0.301722104,0.353385232,0.004953999,0.010775862,0.020722812,0.002984085,-0.842506631,0,0,0,0,0,0,0,0,0.310457516,0.348583878,0.497821351,1.117647059,0,0,0,0,0,0,0,0,0,0,0,0.051724138,0.447238787,0.581540057,0.185895774,0.076484314,0.068010076,0.00440806,0.031905961,0.061922754,0.071998321,0.117128463,0.136859782,0.036314022,0.043240974,0.189126784,0.180100756,0.049223342,0.061083123,0.025398825,0.02665827,0.055835432,0.293870697,0.175062972,0.032745592,0.07115869,0.152630337,0,0.174097665,0.082566643,0,0.522292994,0.330030668,0.085298197,0.136439966,0.097397145,0.020361041,0.069059614,0.334276952,0.009200283,0.009200283,0.076433121
17650,2016,0.178075397,0.396276596,0.205357143,0.064318783,0.069279101,0.463955026,0.142526455,0.068783069,0.719869707,0,0,3,0,0.152497037,0.044161809,0.106429959,0.105820106,0.108465608,0.103914002,1.050559067,0.05424322,0.163525132,0,-0.009259259,0,0,0.05094108,0.048281506,0.037438625,0.012400562,0.246607394,0.372250819,0.002339729,0.009755291,0.026289683,0.004298942,-0.793816138,0,0,0,0,0,0,0,0,0.293233083,0.350877193,0.489974937,1.071428571,0,0,0,0,0,0,0,0,0,0,0,0.083994709,0.490286299,0.522494888,0.191206544,0.120143149,0.058306056,0.002659574,0.020253682,0.096358429,0.064377682,0.123032904,0.15920703,0.043327202,0.046440262,0.188420622,0.205196399,0.072831424,0.072217676,0.036415712,0.024959083,0.098404255,0.296031097,0.176963993,0.029255319,0.088788871,0.136172204,0,0.135236313,0.112774918,0,0.542349088,0.298315395,0.112021858,0.138707038,0.091243863,0.025572831,0.10188216,0.314927468,0.008656996,0.006317267,0.105989705
17650,2021,0.192430079,0.439178194,0.231954446,0.038519511,0.095293921,0.521353207,0.132641099,0.072182214,0.678929766,0,0,3.428571429,0,0.137907837,0.035546262,0.086426207,0.114721152,0.120247865,0.111520999,1.106850716,0.041835358,0.15943728,0,0.000837381,0,0,0.041709054,0.049643947,0.040081384,0.011141428,0.213506139,0.377444293,0.006139154,0.016747613,0.03466756,0.00736895,-0.745603751,0,0,0,0,0,0,0,0,0.286295794,0.331071913,0.565807327,1.137042062,0,0,0,0,0,0,0,0,0,0,0,0.070005024,0.524975514,0.471841332,0.198090108,0.088393732,0.048016277,0.003255341,0.01363174,0.07283825,0.070978239,0.099450885,0.177140533,0.03803132,0.06612411,0.170498474,0.245371312,0.058189217,0.081790437,0.040895219,0.026042726,0.081790437,0.232756867,0.141200407,0.017090539,0.071414039,0.124829468,0,0.133469759,0.080945884,0,0.51273306,0.298317417,0.081930912,0.149542218,0.090742625,0.036215666,0.076500509,0.288994998,0.010231924,0.010231924,0.082537517
17750,2011,0.294661778,0.411867588,0.132295065,0.055669548,0.045948401,0.479565408,0.142117125,0.089205826,0.776156827,0,0,2.272727273,0,0.163274823,0.069442713,0.170587921,0.087288506,0.07993878,0.204833171,0.798441078,0.025771716,0.109119042,0,0.003615998,0,0,0.055326864,0.047605844,0.047840461,0.024418013,0.287032775,0.412998716,0.007654853,0.009603256,0.017978775,0.001362283,-0.875140853,0,0,0,0,0,0,0,0,0.360775911,0.327957596,0.452351415,1.059546634,0,0,0,0,0,0,0,0,0,0,0,0.052221736,0.488569096,0.504439682,0.2496683,0.074964278,0.053492588,0.003199317,0.021798016,0.062663965,0.063005226,0.107369095,0.181166684,0.030030927,0.054409726,0.17037432,0.23557641,0.044811773,0.052895382,0.025914472,0.017233657,0.049162845,0.209597952,0.095574277,0.039031673,0.066652447,0.118989366,0,0.151716286,0.078680265,0,0.568930016,0.26501296,0.081794817,0.111293591,0.069339874,0.01840674,0.067910846,0.331023958,0.011772971,0.010731329,0.0698142
17750,2016,0.287184419,0.436595625,0.151879458,0.059773984,0.056231466,0.534631722,0.140658812,0.115348241,0.780551593,0,0,3.125,0,0.156318351,0.078730224,0.194370567,0.089332372,0.088130159,0.194516939,0.825323826,0.023551167,0.115636772,0,0.001875451,0,0,0.049064198,0.046548601,0.049124572,0.022577699,0.267840832,0.420006089,0.008080193,0.011589324,0.021671876,0.00221207,-0.831417809,0,0,0,0,0,0,0,0,0.34156894,0.347261756,0.448366162,1.005578959,0,0,0,0,0,0,0,0,0,0,0,0.065400337,0.521972159,0.458699132,0.267036911,0.093709075,0.043328638,0.004286577,0.016059569,0.077742,0.068067464,0.080787345,0.188463551,0.042265427,0.066975247,0.149003824,0.255403502,0.063221976,0.061139062,0.029502918,0.019219159,0.082451197,0.218575166,0.098873013,0.036305092,0.076413765,0.108180903,0,0.137410122,0.096681266,0,0.576972621,0.248542052,0.098913068,0.115274703,0.067840612,0.022781244,0.083739183,0.337096283,0.009508865,0.008337822,0.09101342
17750,2021,0.288230857,0.475850928,0.165599255,0.039181174,0.066130249,0.616293689,0.146873937,0.100859353,0.69921363,0,0,3.571428571,0,0.157250018,0.056816083,0.13916169,0.096392492,0.091615022,0.19265023,0.859548577,0.026321798,0.109364138,0,0.003668151,0,0,0.043448391,0.044859535,0.048870156,0.02178805,0.24927969,0.422006772,0.00740289,0.013933056,0.023458415,0.003150468,-0.816562884,0,0,0,0,0,0,0,0,0.349013969,0.327033689,0.448336072,0.937654067,0,0,0,0,0,0,0,0,0,0,0,0.057640255,0.558817717,0.416939327,0.280989921,0.077230506,0.038008058,0.007779861,0.014130011,0.065358264,0.061511326,0.068362421,0.194114371,0.036037876,0.083814546,0.129862413,0.277921162,0.053929851,0.074233619,0.036522643,0.021631357,0.071039976,0.160926156,0.074419296,0.025177786,0.063724307,0.089696944,0,0.124734484,0.074659825,0,0.551578372,0.224315969,0.077062464,0.123846482,0.072896745,0.026458956,0.067456412,0.321857452,0.010305159,0.00944289,0.073040442
17850,2011,0.190665343,0.316131654,0.215160543,0.073816617,0.073485601,0.341939755,0.125455147,0.059913936,0.723756906,0,0,2.181818182,0,0.142103506,0.069642857,0.166071429,0.114200596,0.107249255,0.125483693,1.020447907,-0.005998286,0.152547981,0,0.00397088,0,0,0.03902439,0.069918699,0.039430894,0.016385981,0.274010014,0.335912608,0.002275831,0.0122476,0.031115525,0.003972195,-0.827209533,0,0,0,0,0,0,0,0,0.341404358,0.307506053,0.474576271,1.101694915,0,0,0,0,0,0,0,0,0,0,0,0.059563203,0.394655704,0.661870504,0.170606372,0.076053443,0.1,0.005284553,0.034552846,0.060162602,0.072764228,0.13495935,0.146747967,0.03902439,0.034552846,0.207723577,0.181300813,0.056504065,0.063414634,0.041869919,0.015853659,0.040650407,0.317073171,0.188211382,0.02398374,0.068292683,0.147928994,0,0.134729176,0.08010924,0,0.493855257,0.290395995,0.082710075,0.110569106,0.075609756,0.018292683,0.068292683,0.278106509,0.008648157,0.008648157,0.065088757
17850,2016,0.184346701,0.340491995,0.258085382,0.056274256,0.059508409,0.330853816,0.114812419,0.129689521,0.712643678,0,0,3.285714286,0,0.134455959,0.058279054,0.143469318,0.123221216,0.138421734,0.12564249,1.128840436,-0.017452007,0.148447607,0,-0.014553687,0,0,0.033646322,0.07198748,0.039906103,0.0116171,0.250464684,0.343401487,0.000464684,0.009379043,0.020375162,0.006791721,-0.783635188,0,0,0,0,0,0,0,0,0.379032258,0.344086022,0.438172043,1.077956989,0,0,0,0,0,0,0,0,0,0,0,0.117399741,0.440876656,0.571355759,0.176860347,0.179408767,0.060250391,0.002347418,0.015649452,0.139280125,0.059765625,0.10546875,0.155078125,0.075,0.041079812,0.163928013,0.19600939,0.112871674,0.058685446,0.028951487,0.021517997,0.146713615,0.327073552,0.192488263,0.02856025,0.139280125,0.141263941,0,0.136152416,0.182156134,0,0.486524164,0.288568773,0.193950178,0.107589984,0.072378717,0.023865415,0.147887324,0.289033457,0.007899628,0.004182156,0.164498141
17850,2021,0.177387268,0.380686353,0.295424403,0.061671088,0.066644562,0.3683687,0.12035809,0.118037135,0.668674699,0,0,3.142857143,0,0.130176726,0.061636557,0.142047467,0.139257294,0.143236074,0.111386139,1.298557159,0.016,0.152519894,0,-0.00795756,0,0,0.034290271,0.064194577,0.029505582,0.019285042,0.210724365,0.317497648,0.003762935,0.01127321,0.020225464,0.0066313,-0.774867374,0,0,0,0,0,0,0,0,0.339779006,0.334254144,0.439226519,1.052486188,0,0,0,0,0,0,0,0,0,0,0,0.096816976,0.469184891,0.539761431,0.178926441,0.13916501,0.055821372,0.003189793,0.011164274,0.111244019,0.077045908,0.090618762,0.173253493,0.060279441,0.057416268,0.166267943,0.228867624,0.089114833,0.064194577,0.041068581,0.015550239,0.114433812,0.26076555,0.156299841,0.013157895,0.10645933,0.133584196,0,0.109125118,0.129350894,0,0.514111007,0.291157103,0.127775261,0.119617225,0.068181818,0.035885167,0.110446571,0.269990593,0.013170273,0.009877705,0.124176858
17900,2011,0.205453982,0.285011802,0.165013945,0.084908584,0.28075612,0.506197707,0.125038736,0.17229625,0.754032258,0,0,2.090909091,0,0.148761294,0.161672592,0.390214999,0.089556864,0.119150914,0.126273925,0.918874172,-0.038335159,0.149077948,0,-0.026189369,0,0,0.050570641,0.050964187,-0.020267611,0.018501388,0.186632747,0.492368178,-0.003006475,0.0475674,0.091261233,0.017508522,-0.363495507,0,0,0,0,0,0,0,0,0.401114206,0.370473538,0.286908078,0.993036212,0,0,0,0,0,0,0,0,0,0,0,0.116379978,0.388724036,0.673590504,0.207715134,0.18667386,0.101141283,0.009248327,0.050570641,0.136166863,0.070051161,0.16017316,0.113341204,0.072805982,0.036599764,0.230224321,0.149940968,0.088547816,0.079889807,0.037386856,0.036206218,0.114521842,0.225698544,0.124360488,0.016528926,0.140299095,0.131822387,0,0.137835338,0.170444033,0,0.451433858,0.261100833,0.17166894,0.111767021,0.073396301,0.015741834,0.14600551,0.270582794,0.010869565,0.009944496,0.153792784
17900,2016,0.21270673,0.291333743,0.190273457,0.08613067,0.294416244,0.472408711,0.129359751,0.217127886,0.721674877,0,0,2.555555556,0,0.141818739,0.166219359,0.404097334,0.097101687,0.129523498,0.14393328,0.999547306,0.029750099,0.151301785,0,-0.023252006,0,0,0.040122825,0.046059365,-0.000614125,0.016738524,0.16104489,0.512046665,0.000760842,0.043556574,0.092025544,0.019649582,-0.293761258,0,0,0,0,0,0,0,0,0.340983607,0.401639344,0.316393443,0.963934426,0,0,0,0,0,0,0,0,0,0,0,0.141149501,0.400853485,0.640682788,0.199146515,0.215647226,0.088433982,0.010849539,0.0419652,0.154759468,0.066967028,0.127380709,0.113864428,0.088265411,0.042374616,0.19406346,0.154759468,0.114124872,0.079222108,0.03828045,0.035619243,0.165609007,0.220266121,0.121187308,0.016376663,0.154350051,0.118437738,0,0.11539437,0.214811058,0,0.463606391,0.232564038,0.214427861,0.111156602,0.067553736,0.022517912,0.171954964,0.241694142,0.005833122,0.006593964,0.190464114
17900,2021,0.216828479,0.294419799,0.218351418,0.068151532,0.211878926,0.443746431,0.097468113,0.361126975,0.785932722,0,0,2.75,0,0.130456314,0.155623722,0.378323108,0.105653912,0.131924615,0.12778131,1.053038674,0.044820717,0.158956787,0,-0.018084904,0,0,0.038533396,0.04647361,0.009574965,0.01405072,0.162440027,0.486977382,-0.002398903,0.032933562,0.060346469,0.019988578,-0.319246145,0,0,0,0,0,0,0,0,0.405405405,0.307125307,0.380835381,0.992628993,0,0,0,0,0,0,0,0,0,0,0,0.254330859,0.454213791,0.574242977,0.202480846,0.414812112,0.059785147,0.007940215,0.021018216,0.265763662,0.071011446,0.094370474,0.112590516,0.136883906,0.046707146,0.165109762,0.15973844,0.206912658,0.074264362,0.03993461,0.026389538,0.32601588,0.147594582,0.090144792,0.010976179,0.266464269,0.100753941,0,0.104523646,0.392392049,0,0.472583962,0.226525017,0.389203599,0.104156936,0.064689397,0.025221859,0.266464269,0.237148732,0.006168609,0.005140507,0.388965045
17950,2011,0.207034083,0.355016033,0.174039159,0.065989848,0.13306744,0.28680203,0.131254532,0.068527919,0.769585253,0,0,2.181818182,0,0.160688666,0.081039162,0.197363319,0.108411893,0.106236403,0.128370457,0.901234568,-0.021168501,0.134831461,0,-0.007973904,0,0,0.04397618,0.058634906,0.028401283,0.019032922,0.275205761,0.383230453,-0.002572016,0.020304569,0.047498187,0.004713561,-0.692168238,0,0,0,0,0,0,0,0,0.403598972,0.331619537,0.349614396,1.023136247,0,0,0,0,0,0,0,0,0,0,0,0.072127582,0.443412652,0.619268717,0.216482879,0.097504353,0.098946404,0.003206596,0.049931287,0.076958314,0.058634906,0.142922584,0.167659185,0.047182776,0.030233623,0.20155749,0.197892808,0.06252863,0.060009162,0.029317453,0.023820431,0.059551077,0.283096656,0.156207055,0.031149794,0.084287678,0.130144033,0,0.148662551,0.095679012,0,0.487139918,0.261831276,0.09653092,0.116353642,0.071919377,0.023820431,0.0897847,0.300411523,0.009259259,0.007716049,0.083333333
17950,2016,0.199487555,0.361948956,0.207174231,0.076866764,0.144948755,0.279282577,0.138360176,0.112005857,0.720588235,0,0,3.428571429,0,0.168102797,0.052046087,0.121374652,0.113836018,0.124450952,0.136306533,1.063674322,0.013513514,0.137994143,0,-0.015373353,0,0,0.029261496,0.059451928,0.030190432,0.011223345,0.248597082,0.387766554,0.001122334,0.030746706,0.047218155,0.011346999,-0.602855051,0,0,0,0,0,0,0,0,0.389645777,0.373297003,0.297002725,0.994550409,0,0,0,0,0,0,0,0,0,0,0,0.118960469,0.465060241,0.548795181,0.223493976,0.174698795,0.053878309,0.006502555,0.017185323,0.13562471,0.059916396,0.098002787,0.180213655,0.068741291,0.054807246,0.157919183,0.231305156,0.106595448,0.05620065,0.032048305,0.013469577,0.137947051,0.279145379,0.143520669,0.026010218,0.135160242,0.113916947,0,0.11335578,0.171156004,0,0.512906846,0.244668911,0.172638436,0.114259173,0.070134696,0.026010218,0.145378542,0.2996633,0.007856341,0.005050505,0.161054994
17950,2021,0.205490196,0.393187348,0.236078431,0.053333333,0.15372549,0.320392157,0.130588235,0.149803922,0.746987952,0,0,3.428571429,0,0.144732824,0.085477178,0.213278008,0.109411765,0.129803922,0.124487004,1.109090909,0.018104366,0.150196078,0,-0.010980392,0,0,0.027237354,0.082684825,0.024805447,0.016919487,0.228704784,0.403733956,-0.000583431,0.024313725,0.050980392,0.017254902,-0.587843137,0,0,0,0,0,0,0,0,0.326470588,0.347058824,0.441176471,1.067647059,0,0,0,0,0,0,0,0,0,0,0,0.118039216,0.496607033,0.50400987,0.219000617,0.158544109,0.049124514,0.005350195,0.015564202,0.127918288,0.062651773,0.080621661,0.169499757,0.070422535,0.069552529,0.142509728,0.240758755,0.109922179,0.062743191,0.04036965,0.014105058,0.135700389,0.2057393,0.115758755,0.016050584,0.124027237,0.105600933,0,0.094515753,0.15344224,0,0.514002334,0.228121354,0.164353137,0.125486381,0.08463035,0.026750973,0.122568093,0.288214702,0.001750292,0,0.148191365
18020,2011,0.17991239,0.279498236,0.220379641,0.078222778,0.092407176,0.370358782,0.138506466,0.08239466,0.72875817,0,0,2.181818182,0,0.158368734,0.065519973,0.152597035,0.110346266,0.116708385,0.11187297,1.115151515,0.021118721,0.150693503,0,-0.007508604,0,0,0.051744414,0.074088593,0.043904351,0.015489749,0.233409263,0.383599089,0.003796507,0.015540259,0.038485607,0.005527743,-0.756779307,0,0,0,0,0,0,0,0,0.327217125,0.334097859,0.467889908,1.079510703,0,0,0,0,0,0,0,0,0,0,0,0.085618938,0.368127073,0.701169489,0.162681096,0.138942224,0.097347445,0.004442702,0.03880831,0.104011499,0.074480596,0.160590618,0.096824775,0.051744414,0.028877564,0.235071214,0.125702339,0.071736574,0.087155364,0.043904351,0.033973605,0.086110022,0.29413302,0.170129361,0.024957533,0.100352803,0.176765376,0,0.156416097,0.123158694,0,0.447835991,0.326044039,0.125492485,0.13419574,0.082973997,0.027048216,0.105579511,0.293545938,0.011845103,0.011389522,0.11055429
18020,2016,0.173380222,0.295652174,0.261082694,0.074275362,0.097719523,0.38501705,0.122868713,0.138107417,0.748927039,0,0,3.285714286,0,0.137804357,0.078198779,0.188644478,0.114876385,0.126065644,0.113337149,1.197250859,0.039209817,0.155583973,0,-0.00831202,0,0,0.046629432,0.070788414,0.034939603,0.012547649,0.198379924,0.397712834,0.001111817,0.016624041,0.034846547,0.007352941,-0.697783461,0,0,0,0,0,0,0,0,0.306784661,0.358898722,0.47885939,1.081612586,0,0,0,0,0,0,0,0,0,0,0,0.122868713,0.391795585,0.642447419,0.158699809,0.178863202,0.077672425,0.002208079,0.026107287,0.133783608,0.074545455,0.127792208,0.119090909,0.075974026,0.035329264,0.201065073,0.153396545,0.116638524,0.088453046,0.052604234,0.028705027,0.141187167,0.283803091,0.163917392,0.024548643,0.136251461,0.154542567,0,0.138024142,0.18360864,0,0.455844981,0.317026684,0.184971974,0.130796207,0.080789713,0.033510846,0.149499935,0.273824651,0.006035578,0.005082592,0.169472681
18020,2021,0.184932249,0.321991918,0.286504065,0.046937669,0.106775068,0.387208672,0.115121951,0.171598916,0.704016913,0,0,3.285714286,0,0.128091798,0.070859873,0.169301638,0.126612466,0.136260163,0.111288393,1.259942155,0.032465445,0.152628726,0,-0.002384824,0,0,0.041204851,0.072890859,0.032207589,0.010590501,0.172496791,0.4186457,0.002888318,0.018428184,0.037831978,0.009539295,-0.650948509,0,0,0,0,0,0,0,0,0.320408163,0.325510204,0.509183673,1.107142857,0,0,0,0,0,0,0,0,0,0,0,0.137886179,0.42995254,0.585867464,0.174371594,0.207593602,0.062198461,0.002999087,0.017994523,0.153866215,0.080901511,0.114121939,0.141870766,0.079338197,0.053331595,0.19441909,0.19467988,0.123353762,0.092841309,0.055287521,0.02686139,0.169383231,0.217107837,0.125440083,0.013691485,0.145520928,0.127086008,0,0.108793325,0.182605905,0,0.47593068,0.272785623,0.184430591,0.135480506,0.079932195,0.039509714,0.148520016,0.248876765,0.007381258,0.006578947,0.18148267
18050,2011,0.340195631,0.695671608,0.119520532,0.040732748,0.003859058,1.744876904,0.092759148,0.117252351,0.755591799,0,0,1.916666667,0,0.121937921,0.029966175,0.072575613,0.074471939,0.072046246,0.152649732,0.432991198,0.006586025,0.089296684,0,0.002803812,0,0,0.044888988,0.037401281,0.040362837,0.008721824,0.256426029,0.461861242,-0.000768927,0.000708818,0.000850581,0.000141764,-0.885187285,0,0,0,0,0,0,0,0,0.462726305,0.303381257,0.318024494,0.833998935,0,0,0,0,0,0,0,0,0,0,0,0.117760101,0.845601762,0.145540439,0.502146313,0.161757024,0.01884965,0.003203695,0.004284011,0.132655342,0.070853822,0.058150797,0.150294293,0.06975488,0.084003874,0.129004619,0.234298167,0.098280808,0.032800626,0.023338549,0.006984801,0.133940545,0.175309194,0.063589629,0.023264044,0.131705409,0.061580034,0,0.098246847,0.160046575,0,0.653697438,0.152489125,0.162690545,0.086574281,0.056567576,0.014342125,0.135691402,0.272353794,0.008985456,0.008502131,0.153609561
18050,2016,0.327351374,0.730678739,0.127147818,0.042657008,0.00404119,1.831467401,0.104771598,0.121984075,0.733028406,0,0,2.4,0,0.125560808,0.038348498,0.094815996,0.077066994,0.072546848,0.142544828,0.462522699,0.026186496,0.084790157,0,0.004071125,0,0,0.040633744,0.034306999,0.040508991,0.00783059,0.256325517,0.449185366,0.000841999,0.000733401,0.000868108,0.000134706,-0.890109561,0,0,0,0,0,0,0,0,0.40839602,0.338388741,0.34384858,0.822009221,0,0,0,0,0,0,0,0,0,0,0,0.108199126,0.870738152,0.11492073,0.497826458,0.144604501,0.012689134,0.002530698,0.002922778,0.120938853,0.067976046,0.041651814,0.135470878,0.062041064,0.082069469,0.109711108,0.21749746,0.099053661,0.035465417,0.025253515,0.007075262,0.130045802,0.188412254,0.07305163,0.023756483,0.118907166,0.055698228,0,0.095924725,0.143308214,0,0.658716794,0.147728708,0.146106612,0.086221953,0.055122881,0.01716241,0.123505195,0.285942828,0.006588641,0.005936092,0.142045215
18050,2021,0.325559362,0.794694767,0.12901392,0.041906567,0.004066759,1.985438379,0.115341447,0.065068144,0.671436142,0,0,2.3,0,0.124753478,0.021267533,0.052339733,0.075213177,0.071088113,0.127091121,0.466360606,0.036201929,0.089308359,0,0.00322134,0,0,0.041076928,0.030781742,0.034813302,0.006796679,0.226530218,0.442131686,-0.001351612,0.000772538,0.000539319,0.000262372,-0.940674878,0,0,0,0,0,0,0,0,0.377634262,0.316451394,0.425787446,0.837412191,0,0,0,0,0,0,0,0,0,0,0,0.060228846,0.895830074,0.089755124,0.489144891,0.077648255,0.010277884,0.002681939,0.002543517,0.068778766,0.06853534,0.032719093,0.121238861,0.036819794,0.081029173,0.101325397,0.202304738,0.058146174,0.03375783,0.02252829,0.00726719,0.073519743,0.159635948,0.067221511,0.022424473,0.06874416,0.062927206,0,0.116470361,0.078258351,0,0.619347364,0.176134389,0.082639033,0.092500952,0.059660172,0.017268229,0.070457141,0.261865225,0.002452211,0.002259123,0.076810195
18100,2011,0.168622101,0.282696177,0.236016371,0.061937244,0.018281037,0.375170532,0.131241473,0.043656207,0.703539823,0,0,2.090909091,0,0.14604782,0.034031414,0.076788831,0.10941337,0.125784447,0.092460882,1.096345515,-0.010558069,0.158526603,0,-0.011186903,0,0,0.051394021,0.067181727,0.028216325,0.012630015,0.243684993,0.364041605,0.000742942,0.002730003,0.006279006,0.001638002,-0.926016926,0,0,0,0,0,0,0,0,0.371428571,0.306122449,0.467346939,1.083673469,0,0,0,0,0,0,0,0,0,0,0,0.060027285,0.360329147,0.694239931,0.169770463,0.098744045,0.096069869,0.003023178,0.038629493,0.076587168,0.076587168,0.170977494,0.106147128,0.041316762,0.025864965,0.247564662,0.132012093,0.053241518,0.086328519,0.043668122,0.035270406,0.062143097,0.319113201,0.189788378,0.022841787,0.083305341,0.171248143,0,0.152674591,0.099182764,0,0.440564636,0.333580981,0.101828612,0.150487068,0.106818945,0.03191132,0.090359422,0.278231798,0.007057949,0.007057949,0.086552749
18100,2016,0.152292576,0.304661852,0.285753275,0.070687773,0.030567686,0.366266376,0.120633188,0.090065502,0.727272727,0,0,3.142857143,0,0.132617905,0.041494997,0.096085933,0.129912664,0.133460699,0.100603622,1.290235081,0.024859663,0.156932314,0,-0.006550218,0,0,0.039331367,0.077679449,0.030154048,0.007375776,0.217003106,0.372282609,0.002329193,0.004639738,0.010098253,0.001637555,-0.850163755,0,0,0,0,0,0,0,0,0.321266968,0.35520362,0.454751131,1.081447964,0,0,0,0,0,0,0,0,0,0,0,0.107259825,0.390347163,0.629127858,0.16342083,0.157917019,0.071451983,0.001638807,0.016715831,0.12258276,0.060019679,0.150541161,0.147589374,0.053788127,0.040642412,0.206817437,0.183546378,0.090134382,0.093739757,0.049819731,0.03769256,0.114060964,0.317928548,0.175024582,0.026876434,0.114388725,0.161102484,0,0.13742236,0.14984472,0,0.466614907,0.329580745,0.151615272,0.127826942,0.081284825,0.037037037,0.126843658,0.286490683,0.004270186,0.003881988,0.13742236
18100,2021,0.167960089,0.33804205,0.300720621,0.056818182,0.046840355,0.426552106,0.113636364,0.075110865,0.703030303,0,0,3.142857143,0,0.121561969,0.036646145,0.078715919,0.129157428,0.135809313,0.104805726,1.265209125,-0.00762066,0.160476718,0,-0.006374723,0,0,0.042622951,0.077704918,0.022622951,0.010792706,0.173427614,0.399330108,0.000372162,0.006374723,0.013026608,0.005266075,-0.842572062,0,0,0,0,0,0,0,0,0.315384615,0.333333333,0.535897436,1.148717949,0,0,0,0,0,0,0,0,0,0,0,0.073170732,0.40892786,0.57712236,0.160621762,0.100836987,0.049508197,0.00295082,0.01442623,0.083278689,0.071826828,0.112823877,0.158740571,0.048540505,0.049836066,0.183934426,0.207213115,0.068196721,0.092131148,0.06,0.026229508,0.084918033,0.242295082,0.147213115,0.015737705,0.08,0.140677335,0,0.105694083,0.091179754,0,0.483438779,0.289914403,0.090812721,0.143606557,0.080983607,0.045901639,0.079672131,0.252326014,0.00818757,0.008931894,0.087458132
18200,2011,0.209714026,0.270260011,0.162656983,0.053412014,0.10273869,0.381600847,0.132546527,0.146164321,0.762114537,0,0,2.272727273,0,0.146647808,0.130657285,0.318487126,0.090785293,0.103797851,0.117829088,0.871434311,-0.014357502,0.145710395,0,-0.013920412,0,0,0.059169353,0.047221695,0.006447942,0.011602922,0.269230769,0.359905458,0.008809626,0.022084405,0.032219029,0.004537891,-0.744819241,0,0,0,0,0,0,0,0,0.336487907,0.334384858,0.470031546,1.095688749,0,0,0,0,0,0,0,0,0,0,0,0.07444394,0.350275413,0.602904357,0.226339509,0.12018027,0.104115304,0.004361843,0.04418737,0.091029774,0.072254883,0.122510905,0.140527214,0.049876731,0.037929073,0.194765788,0.178456287,0.064763892,0.06542765,0.034136165,0.021429926,0.073392756,0.229660535,0.128200266,0.020671345,0.093684809,0.144391921,0,0.161581435,0.111087237,0,0.469703481,0.310270735,0.117807644,0.126114167,0.081737152,0.021429926,0.097857007,0.316072196,0.010743446,0.01009884,0.102922217
18200,2016,0.206064174,0.287889775,0.203267589,0.070503385,0.095672652,0.375183986,0.124080071,0.186635266,0.754137116,0,0,3,0,0.138960858,0.135443038,0.336392405,0.101118634,0.122313806,0.131667468,1.001262626,-0.008148148,0.153223432,0,-0.006476303,0,0,0.052545751,0.046928791,0.007428882,0.014787023,0.2288678,0.374310307,0.013904215,0.014571681,0.02826023,0.006623491,-0.710038269,0,0,0,0,0,0,0,0,0.344393593,0.346681922,0.448512586,1.089244851,0,0,0,0,0,0,0,0,0,0,0,0.116131881,0.38497422,0.536459612,0.211146575,0.188067763,0.079724588,0.003986229,0.024098569,0.138249683,0.064381574,0.111534276,0.149075082,0.07616975,0.045116869,0.176843631,0.194600471,0.104638521,0.066678746,0.036419641,0.020837108,0.141148759,0.233194419,0.125566226,0.02500453,0.131907954,0.127344957,0,0.134628117,0.165747076,0,0.517545796,0.277863606,0.165666524,0.11868092,0.076100743,0.026454068,0.138974452,0.31207239,0.005296844,0.00485544,0.158905319
18200,2021,0.211860996,0.333942212,0.206896552,0.052462096,0.083456326,0.409231182,0.128270495,0.177780759,0.719917012,0,0,3.125,0,0.143985403,0.085657653,0.207985275,0.107339326,0.12263518,0.123830735,1.021170131,-0.026827632,0.147591574,0,-0.012746545,0,0,0.042807367,0.041645927,0.013107682,0.013453815,0.227710843,0.35562249,0.010040161,0.013283242,0.024553871,0.00711123,-0.71635583,0,0,0,0,0,0,0,0,0.350102669,0.337782341,0.434291581,1.054414784,0,0,0,0,0,0,0,0,0,0,0,0.121293439,0.43182805,0.466999566,0.217976552,0.177377334,0.058901609,0.00199104,0.015596482,0.135390742,0.06452148,0.099850722,0.160889036,0.080112788,0.06487473,0.164924506,0.226148996,0.103202257,0.068524971,0.039654886,0.017753443,0.157955865,0.160112826,0.092085615,0.013439522,0.131242741,0.120883534,0,0.134738956,0.161646586,0,0.497188755,0.285140562,0.1606724,0.136220342,0.084951054,0.032022565,0.134727062,0.298795181,0.010441767,0.009638554,0.158032129
18250,2011,0.274392779,0.742893843,0.126002138,0.033894531,0.002004276,1.823801888,0.129223826,0.062860027,0.737512847,0,0,2.166666667,0,0.149228578,0.035882778,0.087932015,0.079072391,0.077023576,0.148697996,0.595635802,0.039263977,0.106081302,0,0.00304362,0,0,0.039838517,0.038333792,0.048921919,0.00599964,0.352718837,0.399236046,0.002959822,0.000430555,0.000475095,0.00013362,-0.950515923,0,0,0,0,0,0,0,0,0.399491813,0.330604178,0.350837568,0.709486166,0,0,0,0,0,0,0,0,0,0,0,0.053434094,0.849992608,0.149648371,0.412620642,0.071930899,0.021745114,0.006679512,0.006807964,0.062501147,0.119038444,0.057161207,0.134526103,0.031397376,0.075272961,0.176199651,0.209799064,0.05104138,0.037104321,0.026773098,0.006899716,0.061950638,0.202073585,0.090265162,0.030388109,0.062739701,0.090914545,0,0.134851909,0.070875747,0,0.574585525,0.217626942,0.072662681,0.098394348,0.064776585,0.017763098,0.066336361,0.31784093,0.00933944,0.009059456,0.066775993
18250,2016,0.266170493,0.770769334,0.137048801,0.034225189,0.001789992,1.949220748,0.138313908,0.07443945,0.732230392,0,0,2.7,0,0.152186691,0.038390792,0.095189655,0.082904902,0.078517402,0.146419952,0.636891536,0.048539114,0.10112783,0,0.004427875,0,0,0.036327818,0.036210955,0.045910616,0.005261415,0.348081239,0.39401744,0.002796277,0.000390299,0.000269172,0.000201879,-0.950337811,0,0,0,0,0,0,0,0,0.358140327,0.367591962,0.35635218,0.630023842,0,0,0,0,0,0,0,0,0,0,0,0.051667519,0.877426628,0.123834454,0.410004586,0.066283247,0.018380941,0.007078582,0.004540977,0.057847376,0.131273164,0.049550903,0.124161074,0.029633711,0.071186497,0.180787659,0.195328803,0.050793836,0.042371325,0.03003389,0.008230521,0.065593749,0.219135545,0.096395599,0.035960534,0.057513481,0.085911917,0,0.128591928,0.065344567,0,0.582766106,0.212167482,0.067196777,0.102188684,0.064208084,0.021786674,0.061904205,0.328323338,0.00608926,0.00550057,0.064682291
18250,2021,0.231692963,0.798561855,0.159919591,0.029148427,0.002737624,2.036726489,0.15103223,0.055744383,0.626964014,0,0,2.6,0,0.147040531,0.033780563,0.083477491,0.086995622,0.07939111,0.130327902,0.695462001,0.041337996,0.107970852,0,0.007220981,0,0,0.036963363,0.036800313,0.048230096,0.005562747,0.319980408,0.385526362,0.000804674,0.000409982,0.000542235,0.000224829,-0.966368217,0,0,0,0,0,0,0,0,0.288599456,0.36740582,0.447943286,0.597724837,0,0,0,0,0,0,0,0,0,0,0,0.032957296,0.894506947,0.106263879,0.375722649,0.045405326,0.01555494,0.00790791,0.003391433,0.040338491,0.114660275,0.045639094,0.116290825,0.020740596,0.072459278,0.160294142,0.188746311,0.034615447,0.048213791,0.034876327,0.008152484,0.044887577,0.162935546,0.081736805,0.025305311,0.038186235,0.090473358,0,0.138333975,0.042017983,0,0.546758563,0.235647063,0.043741543,0.102590859,0.066671015,0.023381324,0.040093917,0.30679075,0.002886331,0.002501487,0.041318266
18350,2011,0.182002478,0.422623372,0.216420768,0.054668319,0.018065097,0.920959568,0.139700417,0.068093254,0.724284609,0,0,2.272727273,0,0.153589744,0.040768186,0.099275656,0.112309945,0.107849983,0.113831697,1.051521001,0.047495274,0.143751689,0,0.004099468,0,0,0.056277419,0.058401095,0.064213262,0.010134287,0.259004769,0.369760291,0.005490713,0.003581404,0.006869988,0.000833408,-0.923551671,0,0,0,0,0,0,0,0,0.327467105,0.338322368,0.494736842,1.075328947,0,0,0,0,0,0,0,0,0,0,0,0.058428687,0.504364531,0.47891881,0.176569715,0.092649388,0.04208232,0.002403107,0.016849694,0.076815603,0.076144969,0.112331293,0.156844664,0.036353983,0.044653086,0.188476262,0.201497751,0.057548831,0.065051555,0.038757091,0.017771817,0.055019979,0.224942018,0.132310616,0.024394333,0.072065275,0.152861446,0,0.14815512,0.085247239,0,0.51625251,0.323606928,0.089467312,0.128426524,0.083969039,0.027831335,0.076005253,0.317896586,0.011012801,0.010134287,0.07749749
18350,2016,0.185978029,0.460961646,0.258656698,0.054864041,0.01992398,0.955849797,0.129610292,0.086065745,0.712892282,0,0,3.428571429,0,0.139036119,0.043072775,0.105571394,0.127855979,0.118290798,0.114871605,1.150796209,0.039378238,0.138778664,0,0.009920221,0,0,0.048260837,0.059509031,0.067438502,0.009150784,0.235297546,0.369441044,0.003642828,0.004093396,0.006599557,0.001232196,-0.899189675,0,0,0,0,0,0,0,0,0.30351226,0.361497681,0.480284957,1.035950961,0,0,0,0,0,0,0,0,0,0,0,0.07451652,0.548312627,0.423589806,0.182922754,0.10194101,0.030501862,0.002761381,0.009778836,0.08502014,0.079212686,0.092689229,0.161313203,0.044204073,0.053707598,0.171965647,0.215134396,0.071770577,0.068477187,0.041066045,0.018366985,0.084893471,0.234920072,0.133787652,0.024143085,0.082841436,0.128781255,0,0.123448155,0.105438014,0,0.54808533,0.295885061,0.109646914,0.130772933,0.077166671,0.037493983,0.091961594,0.308649531,0.009413068,0.008597074,0.098793495
18350,2021,0.187406325,0.529300567,0.279060502,0.037128384,0.022861371,1.060767611,0.127150961,0.070082908,0.679781847,0,0,3.428571429,0,0.129859659,0.045948023,0.113185427,0.135460737,0.120453812,0.117914997,1.171555819,0.029597641,0.137282058,0,0.01269233,0,0,0.040744284,0.059351371,0.062949804,0.007556612,0.223070186,0.370999625,0.000475416,0.004477414,0.0073422,0.001669544,-0.906828056,0,0,0,0,0,0,0,0,0.313948339,0.329889299,0.502287823,1.01195572,0,0,0,0,0,0,0,0,0,0,0,0.052514751,0.602983751,0.360214914,0.194048147,0.069742573,0.022638244,0.002915186,0.006445295,0.060922839,0.076111959,0.072673028,0.167664943,0.032043545,0.071627038,0.148879475,0.2392958,0.053612098,0.066958185,0.040288786,0.016716771,0.062403207,0.180103854,0.102714767,0.015395828,0.056800583,0.119404479,0,0.117577881,0.063330414,0,0.5270862,0.292906293,0.068178006,0.124920288,0.070556618,0.039537214,0.057825453,0.269560866,0.006981108,0.006405605,0.06142875
18400,2011,0.243209506,0.350344123,0.107885064,0.037194572,0.023948774,0.874777503,0.164312629,0.033195404,0.712393567,0,0,2.727272727,0,0.184781689,0.021655623,0.052662537,0.077163134,0.080723087,0.144844946,0.777530906,0.017655227,0.119900141,0,-0.002195973,0,0,0.055478752,0.032397668,0.035372964,0.010634849,0.349912457,0.354970495,0.005836197,0.00386029,0.009431127,0.000855274,-0.914218349,0,0,0,0,0,0,0,0,0.325127551,0.341581633,0.471173469,1.055867347,0,0,0,0,0,0,0,0,0,0,0,0.056055107,0.412108395,0.579862356,0.216861424,0.075166679,0.046582918,0.003035403,0.021398089,0.063022179,0.087515778,0.089829897,0.18434814,0.036184408,0.051090942,0.177345675,0.235439082,0.051361423,0.048806876,0.02226964,0.015988459,0.056620785,0.166225882,0.080092565,0.023111138,0.066418224,0.138869075,0,0.175053498,0.075773296,0,0.511996628,0.290188704,0.07736289,0.120274088,0.084270001,0.015267176,0.069333413,0.356721354,0.012223591,0.011639971,0.067829583
18400,2016,0.247717389,0.387435247,0.133246769,0.037469857,0.031987469,0.870710443,0.159978565,0.050021641,0.721098702,0,0,3.75,0,0.175107009,0.025588317,0.062065052,0.084379315,0.088975453,0.148071472,0.827761742,0.021408399,0.123972052,0,-0.001504565,0,0,0.047991543,0.033588795,0.032478858,0.010777052,0.323776325,0.351604938,0.005577342,0.006698407,0.011583091,0.001504565,-0.883756879,0,0,0,0,0,0,0,0,0.314380479,0.352286188,0.475953566,1.038261076,0,0,0,0,0,0,0,0,0,0,0,0.059708568,0.456139246,0.519435964,0.236977117,0.087878883,0.035306554,0.003012685,0.013239958,0.073863636,0.089424449,0.079779081,0.182389937,0.039453517,0.06448203,0.169265328,0.247040169,0.060716173,0.058694503,0.028488372,0.01582981,0.077061311,0.184751586,0.086733615,0.027563425,0.071908034,0.123805374,0,0.153231663,0.087581699,0,0.540159768,0.269281046,0.090743222,0.122674419,0.079598309,0.020639535,0.081712474,0.362411038,0.009847495,0.009179375,0.081481481
18400,2021,0.249013176,0.41813447,0.152573155,0.024239729,0.04382795,0.881247568,0.162747169,0.041937696,0.670119522,0,0,3.75,0,0.171884793,0.018137274,0.043349033,0.093882619,0.097033042,0.148122004,0.877117013,0.00655505,0.116954838,0,0.001111914,0,0,0.044788486,0.033899108,0.031579197,0.013471424,0.300676103,0.355448077,0.005013801,0.009321547,0.015733585,0.002094105,-0.874131317,0,0,0,0,0,0,0,0,0.334796574,0.33137045,0.46862955,1.029443255,0,0,0,0,0,0,0,0,0,0,0,0.046941309,0.478918298,0.485070546,0.239445477,0.063682599,0.030158843,0.003030088,0.009966148,0.054967687,0.089333901,0.069829096,0.1769635,0.031221891,0.077717018,0.159150629,0.25464574,0.046197003,0.060696447,0.027957295,0.016476103,0.062542907,0.118149753,0.059418128,0.016996899,0.052766139,0.128231749,0,0.158238586,0.057937252,0,0.503937606,0.28026639,0.061653874,0.123499751,0.079161044,0.02402765,0.05619866,0.327087184,0.006786356,0.006229267,0.057506774
18450,2011,0.26748537,0.415996274,0.163570976,0.04135268,0.021972996,1.204523485,0.129234271,0.0533474,0.718555933,0,0,2.272727273,0,0.145609766,0.033812392,0.082400425,0.091675415,0.08662911,0.18011287,0.7611542,-0.003513579,0.114048582,0,0.003617125,0,0,0.055957128,0.055223452,0.052671537,0.010952711,0.274888548,0.431459825,0.004584042,0.004614953,0.007764346,0.000930266,-0.915169059,0,0,0,0,0,0,0,0,0.359110534,0.327513086,0.439040232,0.917166546,0,0,0,0,0,0,0,0,0,0,0,0.060758349,0.510623661,0.521907594,0.254161296,0.092596253,0.067734218,0.008574436,0.023905069,0.074707327,0.082388593,0.11964018,0.142620179,0.034616734,0.045137006,0.202028773,0.187757185,0.050776739,0.071447255,0.041940732,0.02204217,0.055676417,0.169555648,0.077246483,0.030795241,0.074566972,0.114573054,0,0.138990951,0.084297382,0,0.516597031,0.252339261,0.086923725,0.128131679,0.08186545,0.023279849,0.076914734,0.321008909,0.01167356,0.011071686,0.075381245
18450,2016,0.267932034,0.463372737,0.176472033,0.04544517,0.026238766,1.223675293,0.129082159,0.064086824,0.721538973,0,0,2.888888889,0,0.141371086,0.037500257,0.0919474,0.094450719,0.089706821,0.185257491,0.791927369,-0.002951361,0.119221136,0,0.003231351,0,0,0.049475379,0.053216259,0.052737426,0.010941782,0.256186084,0.437931956,0.004351313,0.005416687,0.008800275,0.001335756,-0.898070029,0,0,0,0,0,0,0,0,0.342032204,0.347251527,0.4348325,0.890912456,0,0,0,0,0,0,0,0,0,0,0,0.058729067,0.556856915,0.456646602,0.267909203,0.086438465,0.053611296,0.008313731,0.015807461,0.071334087,0.09127528,0.103832365,0.146896341,0.036091144,0.056232904,0.195136258,0.203192616,0.055197429,0.078301102,0.044609243,0.024055353,0.067970288,0.185637416,0.082987676,0.033937261,0.066054958,0.102178999,0,0.126168037,0.080415748,0,0.545097253,0.238005481,0.083066969,0.132726413,0.082371179,0.027305429,0.073973652,0.323460999,0.009872335,0.008943252,0.075222245
18450,2021,0.266750247,0.518348261,0.186275424,0.030536343,0.032367965,1.244742827,0.131783524,0.053336068,0.669039146,0,0,3.125,0,0.138538797,0.02620927,0.063475276,0.097197107,0.092033146,0.180898392,0.807495824,0.006781846,0.121502209,0,0.004292426,0,0,0.045036385,0.050724597,0.049769022,0.012670177,0.235136908,0.43378959,0.00356138,0.006576126,0.010304618,0.00189687,-0.898030424,0,0,0,0,0,0,0,0,0.343530733,0.333567219,0.448077463,0.897137244,0,0,0,0,0,0,0,0,0,0,0,0.045217278,0.601894577,0.395016008,0.280542628,0.062435225,0.041564654,0.008419231,0.010398231,0.053483888,0.078920734,0.086565156,0.15565331,0.027756261,0.071798119,0.165478324,0.227483221,0.04298388,0.081749662,0.046302945,0.022984671,0.055994391,0.132349865,0.061903119,0.022136528,0.050017811,0.101318508,0,0.1297789,0.055995194,0,0.516461422,0.244325391,0.059262373,0.131252933,0.081138999,0.028401477,0.05256224,0.28238496,0.004536009,0.0040395,0.054229829
18500,2011,0.288891445,0.730323575,0.162832164,0.046224932,0.002147322,1.556999885,0.09676368,0.125407416,0.754953765,0,0,2.090909091,0,0.121996632,0.038574415,0.09447616,0.087637563,0.07991104,0.147478378,0.574546213,0.062169067,0.116008436,0,0.005023006,0,0,0.042625553,0.047749688,0.059811813,0.00534745,0.24791745,0.441769227,-0.005643038,0.000594359,0.000498495,0.00013421,-0.891539007,0,0,0,0,0,0,0,0,0.404600812,0.319012179,0.384979702,0.886332882,0,0,0,0,0,0,0,0,0,0,0,0.113842025,0.872043069,0.105660993,0.397329925,0.142694002,0.009341345,0.001451083,0.001995239,0.118988777,0.086498129,0.04117447,0.125495976,0.059947852,0.085636549,0.127672599,0.211132525,0.096995805,0.028182746,0.021063371,0.004738692,0.128171409,0.208933228,0.09545403,0.032558667,0.122457771,0.072338367,0,0.09929059,0.149298651,0,0.650830333,0.176250873,0.153052273,0.100714205,0.064029022,0.021834259,0.127083097,0.284167249,0.00550868,0.005105605,0.14427366
18500,2016,0.276032448,0.761558294,0.186412242,0.048045723,0.002949853,1.64105826,0.109550147,0.110195428,0.731865752,0,0,2.555555556,0,0.122915348,0.039972112,0.098739252,0.098580383,0.087112832,0.144078966,0.649000082,0.080523106,0.107393068,0,0.007964602,0,0,0.038917053,0.04398654,0.058867232,0.004699152,0.243589744,0.430993973,-0.003932986,0.000608407,0.000866519,0.000129056,-0.906176254,0,0,0,0,0,0,0,0,0.354460466,0.350023768,0.408968468,0.862779274,0,0,0,0,0,0,0,0,0,0,0,0.093141593,0.893178661,0.088610525,0.388754566,0.120067905,0.007560528,0.001922909,0.001660694,0.102023425,0.085734886,0.031222006,0.108960213,0.05014311,0.083471724,0.116904117,0.192618652,0.086279608,0.031422078,0.023795997,0.004872826,0.112096845,0.224215541,0.100603094,0.034175334,0.101673805,0.066835223,0,0.092399632,0.122893043,0,0.659285933,0.169859025,0.125653294,0.101127524,0.061729744,0.02650555,0.106918102,0.29339054,0.004801308,0.004162836,0.120569006
18500,2021,0.261570959,0.814410576,0.208856737,0.060228802,0.003289966,1.753906834,0.113111261,0.056807986,0.664751744,0,0,2.555555556,0,0.116926998,0.030236722,0.06900736,0.10271796,0.089801107,0.143497627,0.70029201,0.084286386,0.115391805,0,0.008337072,0,0,0.037635589,0.044310746,0.058012384,0.004648189,0.2202602,0.422665453,-0.010353902,0.000616869,0.000542097,0.000224316,-0.95186556,0,0,0,0,0,0,0,0,0.332800767,0.322096181,0.492730468,0.880332321,0,0,0,0,0,0,0,0,0,0,0,0.05138702,0.909128916,0.074541341,0.356721263,0.065564901,0.006411664,0.002020113,0.001361381,0.05853937,0.084345286,0.027514877,0.096510683,0.029688838,0.075929911,0.111896711,0.172258575,0.052006939,0.034078433,0.025492952,0.004874621,0.063018752,0.187738791,0.09323262,0.026349304,0.057946511,0.072944591,0,0.108580704,0.065714075,0,0.637859374,0.199208086,0.072950336,0.110996443,0.067585965,0.027974178,0.060142286,0.259905069,0.002336391,0.001819926,0.064017117
18710,2011,0.202596538,0.494615385,0.133688415,0.055525965,0.019573901,0.694274301,0.152796272,0.0689747,0.762394761,0,0,2.454545455,0,0.174505168,0.04334649,0.105300254,0.085086551,0.087150466,0.108637394,0.797460003,0.016071429,0.132689747,0,-0.000932091,0,0,0.055973338,0.039565886,0.028456674,0.011684705,0.341633943,0.312326406,0.010152284,0.0032621,0.008055389,0.000932028,-0.910392118,0,0,0,0,0,0,0,0,0.331525949,0.338884586,0.47211464,1.085979861,0,0,0,0,0,0,0,0,0,0,0,0.061917443,0.591618735,0.394309778,0.273623665,0.091207888,0.04195864,0.001965476,0.018202017,0.075884464,0.066484362,0.077337207,0.179114681,0.03572039,0.074517177,0.143821569,0.253631858,0.054862417,0.053153307,0.028798496,0.016151085,0.066826184,0.267817467,0.146812511,0.02683302,0.07067168,0.133320563,0,0.176898764,0.082942247,0,0.564601092,0.306484053,0.087405045,0.12074859,0.084771834,0.018116561,0.073491711,0.367780864,0.013696006,0.012929796,0.076237908
18710,2016,0.199479618,0.523899223,0.162433404,0.053277165,0.024780077,0.705798538,0.152149672,0.070437368,0.738613861,0,0,3.375,0,0.167102616,0.040630725,0.098305417,0.091562384,0.0968901,0.11707703,0.88074736,0.032774945,0.135918721,0,-0.000743402,0,0,0.048336472,0.043314501,0.033741368,0.010586247,0.315452362,0.32737301,0.005337603,0.004088713,0.009168628,0.001548755,-0.887312601,0,0,0,0,0,0,0,0,0.306231003,0.354483283,0.497720365,1.087765957,0,0,0,0,0,0,0,0,0,0,0,0.078924545,0.629337389,0.343378648,0.263333016,0.110466774,0.029817954,0.002197112,0.010514752,0.091650973,0.064966654,0.065045116,0.162495096,0.044958807,0.070386064,0.130257376,0.232972379,0.072583176,0.054221594,0.027542373,0.01938167,0.090630885,0.290646579,0.158427495,0.032721281,0.092749529,0.119562317,0,0.148207455,0.114491593,0,0.584289654,0.285294903,0.121522059,0.124215317,0.080351538,0.023775895,0.101145637,0.356462948,0.010764167,0.010230407,0.106040388
18710,2021,0.202766044,0.577963778,0.183438458,0.04235866,0.031942596,0.795903015,0.15427348,0.070308431,0.685344828,0,0,3.375,0,0.154519725,0.04605621,0.113115745,0.09947341,0.096985128,0.115802284,0.91257337,0.04467733,0.133209884,0,0.001909612,0,0,0.046602222,0.041696725,0.035420574,0.009409888,0.287001595,0.335167464,0.004066986,0.005670968,0.011284069,0.002604016,-0.890515595,0,0,0,0,0,0,0,0,0.278244973,0.350274223,0.539670932,1.092870201,0,0,0,0,0,0,0,0,0,0,0,0.047566692,0.663674148,0.306816293,0.248212801,0.061762261,0.024888184,0.002885586,0.008007503,0.053671909,0.073299185,0.052305028,0.153379987,0.02965154,0.074664551,0.125450873,0.229115568,0.04277882,0.066801327,0.033328524,0.019982686,0.061607272,0.22219016,0.130212091,0.02142548,0.050786322,0.108213716,0,0.139952153,0.059090909,0,0.58923445,0.274322169,0.060568411,0.140311643,0.088010388,0.033544943,0.052878373,0.333811802,0.011164274,0.009728868,0.057735247
19399,2011,0.189905902,0.364850976,0.177929855,0.120615911,0.033361848,0.607356715,0.100085543,2.108639863,0.87804878,0,0,2.090909091,0,0.041769912,2.284883721,5.707848837,0.103507271,0.103507271,0.121761658,0.713709677,-0.087272727,0.165953807,0,-0.005132592,0,0,0.054192229,0.04805726,-0.003067485,0.005805515,0.335268505,0.328011611,0.010159652,0.009409752,0.005132592,0.002566296,-0.905902481,0,0,0,0,0,0,0,0,0.432624113,0.354609929,0.241134752,1.028368794,0,0,0,0,0,0,0,0,0,0,0,0.037639008,0.445,0.565,0.2275,0.08125,0.097137014,0.003067485,0.047034765,0.066462168,0.064417178,0.101226994,0.185071575,0.040899796,0.032719836,0.165644172,0.217791411,0.044989775,0.031697342,0.021472393,0.010224949,0.052147239,0.314928425,0.193251534,0.017382413,0.052147239,0.161103048,0,0.195936139,0.087082729,0,0.603773585,0.325108853,0.085592011,0.093047035,0.061349693,0.011247444,0.064417178,0.348330914,0.004354136,0.004354136,0.082728592
19399,2016,0.21969697,0.398392652,0.163825758,0.145833333,0.034090909,0.475378788,0.098484848,0.378787879,0.910447761,0,0,3.125,0,0.107865169,0.390868597,0.966035635,0.076704545,0.103219697,0.13960114,0.696629213,-0.046218487,0.15625,0,-0.005681818,0,0,0.033371692,0.033371692,-0.013808976,0.012598425,0.294488189,0.341732283,-0.020472441,0.010416667,0.002840909,0.002840909,-0.815340909,0,0,0,0,0,0,0,0,0.364341085,0.403100775,0.271317829,0.96124031,0,0,0,0,0,0,0,0,0,0,0,0.115530303,0.488732394,0.449295775,0.24084507,0.152112676,0.046029919,0,0.021864212,0.12543153,0.083140878,0.070438799,0.183602771,0.07852194,0.065592635,0.151898734,0.240506329,0.097238205,0.03452244,0.020713464,0.006904488,0.14269275,0.315304948,0.15995397,0.01150748,0.123130035,0.119685039,0,0.151181102,0.187401575,0,0.611023622,0.270866142,0.193302892,0.103567319,0.082853855,0.008055236,0.134637514,0.34015748,0.014173228,0.004724409,0.176377953
19399,2021,0.174212598,0.459687124,0.206692913,0.102362205,0.035433071,0.647637795,0.122047244,0.30019685,0.844827586,0,0,3.125,0,0.109714286,0.341758242,0.832417582,0.086614173,0.131889764,0.090625,0.846153846,0.097505669,0.162401575,0,-0.030511811,0,0,0.04047619,0.044047619,0.003571429,0.010590015,0.237518911,0.349470499,0,0.00492126,0.003937008,0.002952756,-0.849409449,0,0,0,0,0,0,0,0,0.345864662,0.37593985,0.345864662,0.977443609,0,0,0,0,0,0,0,0,0,0,0,0.083661417,0.540730337,0.400280899,0.259831461,0.120786517,0.023809524,0.004761905,0.010714286,0.103571429,0.072966507,0.062200957,0.221291866,0.049043062,0.095238095,0.130952381,0.302380952,0.076785714,0.022619048,0.005952381,0.003571429,0.110714286,0.298809524,0.171428571,0.010714286,0.094047619,0.140695915,0,0.167927383,0.111951589,0,0.599092284,0.32677761,0.114537445,0.08452381,0.060714286,0.017857143,0.089285714,0.337367625,0.004538578,0.004538578,0.118003026
19499,2011,0.366000929,0.351141786,0.103111937,1,0.070599164,1.044743768,0.043350364,0,0.870036101,0,0,0,0,0,0,0,0.049852918,0.079346648,0.203057398,0.345205891,-0.201456006,0.129664035,0,-0.021288125,0,0,0.107608418,0.019255346,-0.048905172,0,0,0,0,0.015172627,0.012850286,0.00170305,-0.755534913,0,0,0,0,0,0,0,0,0,0,0,0,0,0,0,0,0,0,0,0,0,0,0,0.218300046,0.512743628,0.491504248,0.294727636,0.36081959,0.047797563,0.008008861,0.028542217,0.24605947,0.103603987,0.134787424,0.097299139,0.099769958,0.024367385,0.238391412,0.121666525,0.10398739,0.05793644,0.018062537,0.03425066,0.229274942,0.120218114,0.044048735,0.025986197,0.245207464,0,0,0,0,0,0,0,0,0.080344211,0.048990372,0.008008861,0.24733748,0,0,0,0
19499,2016,0.372558594,0.361014894,0.126627604,1,0.068277995,1.032714844,0.028238932,0,0.872781065,0,0,0,0,0,0,0,0.057128906,0.085042318,0.225909636,0.331148564,-0.230749421,0.139648438,0,-0.019856771,0,0,0.093460372,0.017410134,-0.064703335,0,0,0,0,0.012695313,0.00773112,0.002848307,-0.70711263,0,0,0,0,0,0,0,0,0,0,0,0,0,0,0,0,0,0,0,0,0,0,0,0.2734375,0.546636889,0.435627956,0.292433001,0.44206516,0.036292767,0.00537029,0.021221308,0.291814638,0.107204711,0.114825078,0.102009006,0.134915137,0.026418363,0.222520572,0.127674318,0.148505847,0.04980511,0.015158077,0.031355565,0.288090082,0.113728887,0.048419229,0.021307926,0.29138155,0,0,0,0,0,0,0,0,0.076916414,0.045907319,0.011953227,0.298657427,0,0,0,0
19499,2021,0.31202181,0.328290319,0.121449301,1,0.108697564,0.811801952,0.043092076,0,0.858695652,0,0,0,0,0,0,0,0.05865799,0.090141588,0.159137812,0.439293212,-0.127178233,0.145281857,0,-0.022337525,0,0,0.094837816,0.014240506,-0.033227848,0,0,0,0,0.018468033,0.022689297,0.004309208,-0.626857796,0,0,0,0,0,0,0,0,0,0,0,0,0,0,0,0,0,0,0,0,0,0,0,0.330489843,0.534658265,0.447406689,0.275811924,0.55049281,0.031447785,0.00741693,0.019679589,0.337025316,0.073059812,0.102422145,0.097775581,0.196935245,0.030557753,0.174643987,0.128659019,0.22122231,0.053105222,0.011965981,0.032535601,0.378856804,0.090486551,0.044303797,0.011768196,0.33346519,0,0,0,0,0,0,0,0,0.077828323,0.047468354,0.011273734,0.334454114,0,0,0,0
